name,sales,retail_price,average_sale_price,highest_price,lowest_price,release_date,condition
Jordan 4 Retro Bred (2019), 28140, 200, 254, 520, 138, 05/04/2019, New
Jordan 1 Retro High Travis Scott, 17269, 175, 1013, 3000, 578, 05/11/2019, New
Jordan 11 Retro Concord (2018), 37993, 220, 278, 500, 175, 12/08/2018, New
Jordan 1 Retro High Black Crimson Tint, 14118, 160, 199, 500, 82, 04/12/2019, New
Jordan 1 Retro High Turbo Green, 23862, 160, 235, 405, 75, 02/15/2019, New
Jordan 1 Low SB Midnight Navy, 1691, 110, 144, 232, 110, 06/17/2019, New
Jordan 11 Retro Low Snake Navy (2019), 5154, 185, 165, 350, 115, 04/19/2019, New
Jordan 6 Retro Black Infrared (2019), 21192, 200, 239, 470, 150, 02/16/2019, New
Jordan 1 Retro High Bred Toe, 7791, 160, 367, 750, 100, 02/24/2018, New
Jordan 7 Retro Patta Shimmer, 3870, 200, 290, 1200, 140, 06/15/2019, New
Jordan 1 Retro High Rookie of the Year, 24811, 160, 245, 800, 145, 11/17/2018, New
Jordan 1 Retro High Phantom Gym Red, 9471, 160, 190, 400, 100, 03/30/2019, New
Jordan 1 Retro High Shadow (2018), 12791, 160, 225, 615, 100, 04/14/2018, New
Jordan 1 Retro High Neutral Grey Hyper Crimson, 17107, 160, 220, 400, 105, 01/24/2019, New
Jordan 3 Retro Black Cement (2018), 9513, 200, 243, 355, 150, 02/17/2018, New
Jordan 1 Low Black Toe, 4978, 90, 106, 300, 60, 04/01/2019, New
Jordan 1 Retro High Spider-Man Origin Story, 19839, 160, 306, 634, 195, 12/14/2018, New
Jordan 1 Retro High Sports Illustrated (A Star Is Born), 15958, 160, 205, 431, 90, 12/27/2018, New
Jordan 1 Retro High OG Defiant Couture, 9581, 175, 216, 675, 90, 02/23/2019, New
Jordan 1 Retro High Turbo Green (GS), 18916, 120, 225, 455, 129, 02/15/2019, New
Jordan 1 Retro High UNC Patent (W), 20934, 160, 386, 719, 221, 02/14/2019, New
Jordan 11 Retro Win Like 96, 5263, 220, 251, 369, 130, 12/09/2017, New
Jordan 1 Retro High Off-White University Blue, 11089, 190, 898, 2500, 570, 06/23/2018, New
Jordan 1 Retro High Game Royal, 7554, 160, 245, 540, 100, 07/18/2018, New
Jordan 1 Retro High Twist (W), 2989, 160, 198, 450, 134, 05/10/2019, New
Jordan 1 Mid Patent Black White Gold, 12233, 120, 163, 352, 87, 01/22/2019, New
Jordan 11 Retro Space Jam (2016), 5301, 220, 297, 400, 150, 12/10/2016, New
Jordan 1 Retro Royal (2017), 5032, 160, 274, 430, 175, 04/01/2017, New
Jordan 3 Retro Tinker White University Red, 2477, 225, 187, 569, 115, 03/30/2019, New
Jordan 4 Retro Flight Nostalgia, 4188, 190, 165, 280, 100, 03/02/2019, New
Jordan 1 Retro High Homage To Home (Non-numbered), 12145, 160, 281, 475, 155, 05/19/2018, New
Jordan 11 Retro UNC Win Like 82, 4176, 220, 225, 345, 165, 11/11/2017, New
Jordan 4 Retro Travis Scott Cactus Jack, 10937, 225, 384, 908, 285, 06/09/2018, New
Jordan 14 Retro Rip Hamilton, 2359, 190, 210, 327, 126, 04/06/2019, New
Jordan 1 Retro Bred (2016), 2829, 160, 475, 700, 140, 09/03/2016, New
Jordan 1 Retro High Hyper Royal, 2420, 160, 109, 178, 70, 07/07/2018, New
Jordan 1 Retro High NRG Patent Gold Toe, 4875, 160, 293, 1000, 175, 02/10/2018, New
Jordan 13 Retro He Got Game (2018), 7739, 190, 217, 398, 140, 08/04/2018, New
Jordan 4 Retro Raptors (2018), 6049, 200, 237, 620, 150, 08/18/2018, New
Jordan 3 Retro Tinker Hatfield, 5230, 200, 207, 500, 150, 03/24/2018, New
Jordan 3 Retro True Blue (2016), 2456, 220, 236, 550, 140, 11/25/2016, New
Jordan 1 Mid SE Lakers, 6054, 120, 178, 600, 80, 02/01/2019, New
Jordan 1 Retro High Union Los Angeles Black Toe, 5686, 190, 772, 1563, 420, 11/17/2018, New
Jordan 1 Retro High Satin Shattered Backboard (W), 4838, 160, 367, 752, 210, 05/05/2018, New
Jordan 1 Low Sail University Gold Black, 1570, 90, 101, 230, 70, 04/01/2019, New
Jordan 1 Mid Alternate Think 16, 6795, 110, 146, 325, 70, 12/13/2018, New
Jordan 1 Mid Patent Black White Gold (GS), 4019, 90, 126, 184, 80, 01/22/2019, New
Jordan 11 Retro Legend Blue (2014), 2462, 200, 271, 440, 210, 12/20/2014, New
Jordan 11 Retro Low Cool Grey, 3540, 175, 175, 310, 114, 04/28/2018, New
Jordan 1 Retro High Blue Moon, 2758, 160, 267, 550, 135, 05/01/2018, New
Jordan 1 Retro Top 3, 1322, 160, 445, 672, 150, 11/28/2016, New
Jordan 3 Retro JTH Bio Beige, 4463, 250, 294, 800, 185, 08/28/2018, New
Jordan 1 Retro High Clay Green, 3077, 160, 230, 486, 120, 05/01/2018, New
Jordan 12 Retro Michigan, 2259, 225, 232, 400, 150, 06/23/2018, New
Jordan 11 Retro Heiress Black Stingray (GS), 1593, 220, 162, 250, 85, 11/24/2017, New
Jordan 1 Retro High Varsity Red, 6640, 160, 601, 1000, 320, 11/07/2018, New
Jordan 6 Retro UNC, 1125, 190, 227, 357, 135, 12/02/2017, New
Jordan 6 Retro Black Infrared 2019 (GS), 6597, 140, 163, 245, 106, 02/16/2019, New
Jordan 1 Retro High Union Los Angeles Blue Toe, 4829, 190, 880, 2000, 591, 11/17/2018, New
Jordan 4 Retro Levi's Black (Levi's Tag), 3268, 225, 296, 1750, 212, 06/30/2018, New
Jordan 3 Retro International Flight, 2817, 190, 165, 280, 101, 06/30/2018, New
Jordan 11 Retro Playoffs (2012), 1400, 180, 416, 700, 290, 12/21/2012, New
Jordan 1 Retro High Off-White Chicago, 1151, 190, 2765, 4786, 1700, 09/09/2017, New
Jordan 6 Retro Gatorade Green, 1051, 225, 244, 390, 185, 12/30/2017, New
Jordan 11 Retro Concord (2011), 656, 175, 346, 1000, 240, 12/23/2011, New
Jordan 4 Retro Kaws, 633, 350, 1210, 2483, 901, 03/31/2017, New
Jordan 13 Retro Bred (2017), 1664, 190, 195, 299, 80, 08/19/2017, New
Jordan 6 Retro Infrared Black (2014), 1614, 185, 255, 390, 100, 11/28/2014, New
Jordan 1 Retro High Gatorade Orange Peel, 1183, 175, 110, 225, 70, 12/26/2017, New
Jordan 1 Retro Shattered Backboard, 736, 160, 846, 1507, 486, 06/27/2015, New
Jordan 1 Retro High Gatorade Cyber, 642, 175, 141, 375, 85, 12/26/2017, New
Jordan 1 Retro High Nigel Sylvester, 4785, 180, 342, 600, 205, 09/01/2018, New
Jordan 6 Retro Gatorade Like Mike White, 1307, 190, 154, 270, 85, 12/16/2017, New
Jordan 4 Retro Kaws Black, 805, 350, 777, 1300, 590, 11/27/2017, New
Jordan 3 Retro Quai54 (2018), 1632, 180, 255, 400, 140, 07/07/2018, New
Jordan 4 Retro Levi's White (Levi's Tag), 900, 225, 429, 700, 290, 06/30/2018, New
Jordan 1 Mid Pine Green (GS), 4509, 100, 145, 260, 100, 12/18/2018, New
Jordan 1 Retro Low Slip Chicago (W), 3086, 100, 142, 320, 69, 03/01/2019, New
Jordan 1 Retro High Yellow Ochre, 1266, 160, 306, 799, 210, 05/09/2018, New
Jordan 12 Retro PSNY, 310, 300, 325, 449, 220, 12/17/2015, New
Jordan 1 Retro High Track Red, 828, 160, 291, 452, 182, 05/01/2018, New
Jordan 1 Retro Reverse Shattered Backboard, 555, 160, 513, 1000, 288, 10/08/2016, New
Jordan 1 Retro High Camo 3M Shadow, 402, 145, 161, 400, 86, 08/01/2017, New
Jordan 6 Retro Aleali May (W), 2304, 190, 305, 950, 205, 03/15/2019, New
Jordan 13 Retro Altitude (2017), 967, 190, 150, 250, 80, 12/21/2017, New
Jordan 10 Retro Drake OVO Black, 456, 225, 240, 406, 171, 02/13/2016, New
Jordan 10 Retro Drake OVO White, 421, 225, 307, 450, 219, 09/12/2015, New
Jordan 3 Retro White Cement ('88 Dunk Contest 2013), 325, 200, 430, 660, 310, 02/06/2013, New
Jordan 1 Retro Satin, 39, 175, 1939, 3450, 1200, 10/18/2016, New
Jordan 1 Retro High Gatorade Blue Lagoon, 932, 175, 140, 396, 75, 12/26/2017, New
Jordan 4 Retro Black Cement (2012), 840, 160, 305, 475, 152, 11/01/2012, New
Jordan 1 Retro High Gold Top 3, 439, 160, 462, 1000, 280, 11/04/2017, New
Jordan 3 Retro Black Cement (2011), 355, 160, 235, 320, 165, 11/25/2011, New
Jordan 12 Retro OVO White, 214, 225, 674, 1250, 450, 10/01/2016, New
Jordan 1 Retro Fragment, 158, 185, 2052, 3549, 1236, 12/27/2014, New
Jordan 8 Retro Doernbecher, 127, 190, 660, 895, 480, 11/23/2014, New
Jordan 4 Retro Cool Grey, 111, 100, 382, 538, 195, 09/25/2004, New
Jordan 4 Retro Doernbecher, 108, 175, 1115, 1930, 826, 11/08/2011, New
Jordan 13 Retro He Got Game 2018 (GS), 4814, 140, 177, 274, 111, 08/04/2018, New
Jordan 1 Retro High Homage To Home Chicago (Numbered), 300, 160, 506, 999, 250, 04/21/2018, New
Jordan 5 Retro Doernbecher, 87, 180, 817, 1100, 516, 09/14/2013, New
Jordan 3 Retro Doernbecher (2013), 54, 160, 576, 841, 377, 07/20/2013, New
Jordan 1 Retro Satin, 54, 175, 1181, 1660, 851, 04/01/2017, New
Jordan 1 Retro High Camo 3M Bred, 43, 145, 236, 500, 150, 09/01/2017, New
Jordan 11 Retro Concord DMP (2006), 38, 148, 536, 799, 399, 01/28/2006, New
Jordan 12 Retro OVO Black, 243, 225, 371, 595, 251, 02/18/2017, New
Jordan 2 Retro Just Don Beach, 160, 650, 486, 682, 360, 01/30/2016, New
Jordan 2 Retro Just Don Blue, 118, 350, 626, 800, 470, 01/31/2015, New
Jordan 1 Retro Shadow (2013), 92, 140, 245, 356, 150, 07/13/2013, New
Jordan 10 Retro Doernbecher, 86, 170, 254, 400, 120, 11/23/2013, New
Jordan 12 Retro PSNY Wheat, 65, 300, 427, 700, 266, 06/28/2017, New
Jordan 4 Retro White Laser, 51, 200, 372, 570, 270, 05/14/2005, New
Jordan 12 Retro PSNY Olive, 47, 300, 496, 700, 362, 06/28/2017, New
Jordan 12 Retro PSNY Bordeaux, 47, 300, 520, 1000, 340, 06/28/2017, New
Jordan 1 Retro Black Royal Blue (2001), 36, 100, 432, 600, 303, 10/06/2001, New
Jordan 13 Retro Premio Bin 23, 30, 175, 1142, 1565, 888, 08/21/2010, New
Jordan 4 Retro Black Laser, 21, 175, 703, 880, 550, 08/20/2005, New
Jordan 7 Retro Premio Bin 23, 20, 175, 760, 1000, 600, 11/26/2010, New
Jordan 1 Retro Black Metallic Gold (2013), 17, 140, 1441, 2350, 950, 04/13/2013, New
Jordan 2 Retro Doernbecher Peacock, 17, 140, 780, 1025, 584, 11/09/2007, New
Jordan 13 Retro Ray Allen PE, 13, 175, 1524, 2101, 1001, 07/23/2011, New
Jordan 7 Retro Miro, 11, 175, 1161, 1650, 900, 07/03/2008, New
Jordan 23 Finale, 10, 230, 976, 1200, 750, 12/23/2008, New
Jordan 2 Retro Eminem (The Way I Am), 9, 110, 3249, 4999, 2700, 12/18/2008, New
Jordan 23 Titanium, 7, 230, 754, 1200, 400, 01/25/2008, New
Jordan 1 Retro High OG Spike Lee Fort Greene, 7, 300, 3122, 4000, 1985, 06/16/2017, New
Jordan 13 OG Flint (1997), 6, 150, 374, 524, 300, 02/14/1998, New
Jordan 4 Retro Oregon Ducks, 6, , 4850, 10500, 2000, 01/01/2012, New
Jordan 3 Retro Oregon Ducks Pit Crew Black, 5, , 3874, 4300, 3275, 10/11/2011, New
Jordan 10 OG Sacramento Kings, 3, 125, 528, 800, 275, 06/01/1995, New
Jordan 4 Retro Eminem Carhartt, 3, , 8833, 10500, 7000, 11/23/2015, New
Jordan 1 OG Chicago (1985), 2, 65, 4000, 10500, 2250, 09/16/1985, New
Jordan 1 Retro High Black Gym Red, 12365, 160, 258, 450, 131, 06/29/2019, New
Jordan 1 Retro High Black Gym Red (GS), 4627, 120, 192, 338, 130, 06/29/2019, New
Jordan 5 Retro Michigan (2019), 351, 225, 331, 650, 270, 07/06/2019, New
Jordan 1 Retro High OG Defiant SB LA to Chicago, 9861, 175, 386, 1001, 230, 05/25/2019, New
Jordan 1 Retro High OG Defiant SB NYC to Paris, 8731, 175, 218, 780, 130, 05/25/2019, New
Air Jordan 1 Mid Yellow Toe Black, 1950, 120, 150, 227, 104, 06/19/2019, New
Jordan 14 Retro Ferrari University Gold, 1836, 200, 221, 500, 135, 06/22/2019, New
Jordan 4 Retro Raptors Drake OVO (2019), 6660, 200, 295, 450, 185, 06/02/2019, New
Jordan 1 Retro High Pine Green, 22564, 160, 258, 500, 130, 09/22/2018, New
Jordan 14 Retro Supreme White, 1460, 248, 307, 600, 255, 06/13/2019, New
Jordan 1 Retro High Black Crimson Tint (GS), 13487, 120, 181, 340, 107, 04/12/2019, New
Jordan Legacy 312 White Black Pink Foam (GS), 547, 110, 126, 200, 66, 02/01/2019, New
Jordan 1 Retro High Season of Her Mint Foam (W), 276, 160, 82, 176, 55, 01/25/2018, New
Jordan 1 Mid Quai54 (2019), 915, 115, 196, 313, 121, 06/08/2019, New
Jordan 11 Retro Low Snake Light Bone, 1366, 185, 168, 300, 100, 05/18/2019, New
Jordan Legacy 312 Olympic (GS), 102, 110, 66, 150, 50, 02/01/2019, New
Jordan 1 Retro High Bio Beige Anthracite Mystic Green (W), 554, 145, 162, 258, 114, 06/01/2019, New
Jordan 4 Retro Bred 2019 (GS), 2613, 140, 144, 203, 100, 05/04/2019, New
Jordan 5 Retro JSP Laney Varsity Royal, 1910, 200, 160, 324, 78, 02/02/2019, New
Jordan 1 Mid All Over Logos, 1085, 110, 120, 200, 70, 05/01/2019, New
Jordan 14 Retro Supreme Black, 570, , 293, 450, 215, 06/13/2019, New
Jordan 1 Retro High Phantom Gym Red (GS), 2865, 120, 155, 320, 107, 03/30/2019, New
Jordan 11 Retro Low Snake Light Bone (GS), 476, 135, 125, 209, 88, 05/18/2019, New
Jordan 4 Retro White Cement (2016), 2902, 220, 331, 510, 210, 02/13/2016, New
Jordan 13 Retro Cap and Gown, 2124, 200, 172, 450, 100, 04/27/2019, New
Jordan 1 Mid White Black Gym Red, 427, 110, 97, 150, 65, , New
Jordan 11 Retro Cap and Gown, 4647, 250, 310, 575, 226, 05/26/2018, New
Jordan 9 Retro Bred Patent, 2152, 190, 216, 355, 148, 03/10/2018, New
Jordan 1 Mid Crimson Tint, 1459, 120, 154, 399, 78, 04/01/2019, New
Jordan 7 Retro Ray Allen Bucks, 1127, 190, 162, 300, 100, 06/01/2019, New
Jordan 6 Retro Reflections of a Champion, 823, 225, 214, 390, 162, 06/08/2019, New
Jordan 11 Retro 72-10, 3128, 220, 277, 419, 206, 12/12/2015, New
Jordan 11 Retro Platinum Tint, 6884, 220, 197, 500, 135, 10/27/2018, New
Jordan 12 Retro Gym Red (2018), 5710, 190, 197, 450, 130, 11/24/2018, New
Jordan 1 Mid White Black, 3860, 110, 139, 309, 65, 11/01/2018, New
Jordan 1 Retro High SoleFly Art Basel Sail, 783, 160, 1392, 3500, 600, 12/08/2018, New
Jordan 1 Retro High Court Purple, 12777, 160, 328, 2000, 181, 09/22/2018, New
Jordan 11 Retro Low University Blue (2017), 1720, 175, 194, 375, 137, 04/15/2017, New
Jordan 1 Mid Coral Gold, 67, 120, 122, 200, 97, 07/01/2019, New
Jordan 3 Retro Mocha (2018), 3389, 190, 160, 339, 100, 12/15/2018, New
Jordan 5 Retro Paris Saint-Germain, 4327, 225, 251, 525, 131, 09/14/2018, New
Jordan 5 Retro Trophy Room Ice Blue, 3379, 200, 582, 2000, 351, 05/18/2019, New
Jordan 5 Retro Grape Fresh Prince, 3185, 190, 229, 600, 132, 09/25/2018, New
Jordan 3 Retro Chlorophyll, 2924, 190, 128, 260, 80, 11/10/2018, New
Jordan 4 Retro Tattoo (2018), 2430, 225, 206, 400, 110, 12/29/2018, New
Jordan 3 Retro Free Throw Line White Cement, 1196, 200, 347, 562, 251, 02/14/2018, New
Jordan 1 Mid Gunsmoke Volt, 48, 110, 107, 140, 80, 07/01/2019, New
Jordan 4 Retro Motorsports (2017), 1413, 190, 213, 359, 70, 03/26/2017, New
Jordan 9 Retro Pearl Blue, 3325, 190, 174, 350, 100, 02/09/2019, New
Jordan 5 Retro Satin Bred, 2995, 190, 165, 400, 90, 11/03/2018, New
Jordan 1 Retro High Aleali May Court Lux (W), 2751, 160, 205, 499, 123, 12/22/2018, New
Jordan 12 Retro Flu Game (2016), 2044, 190, 277, 455, 30, 05/28/2016, New
Jordan 11 Retro Low Pink Snakeskin (W) (2019), 1700, 185, 180, 330, 112, 05/07/2019, New
Jordan 4 Retro Flyknit Red, 410, 220, 183, 370, 127, 06/14/2019, New
Jordan 3 Retro Hall of Fame, 4015, 190, 209, 385, 150, 05/12/2018, New
Jordan 13 Retro Atmosphere Grey, 2380, 190, 161, 450, 106, 03/23/2019, New
Jordan 1 Retro High Bred Toe (GS), 2061, 120, 356, 550, 200, 02/24/2018, New
Jordan 4 Retro Royalty, 1291, 190, 252, 450, 150, 02/04/2017, New
Jordan 1 Retro High SP Gina (Special Box), 851, 180, 271, 600, 207, 05/25/2019, New
Jordan 1 Mid Gym Red Black, 4504, 110, 129, 350, 66, 06/01/2018, New
Jordan 4 Retro Laser Black Gum, 4195, 200, 157, 350, 101, 01/19/2018, New
Jordan 1 Mid Top 3, 2767, 110, 126, 286, 70, 01/01/2019, New
Jordan 13 Retro Low Clot Sepia Stone, 2715, 200, 356, 675, 228, 12/13/2018, New
Jordan 6 Retro Social Status, 2188, 250, 207, 946, 110, 02/21/2019, New
Jordan 6 Retro Flight Nostalgia, 1928, 190, 141, 220, 80, 01/12/2019, New
Jordan 6 Retro Flight Nostalgia, 1928, 190, 141, 220, 80, 01/12/2019, New
Jordan 1 Low Black Toe (GS), 656, 75, 84, 165, 49, 04/01/2019, New
Jordan 11 Retro Low Golf No Denim Allowed, 198, 200, 350, 639, 227, 06/14/2019, New
Jordan Hydro 6 Retro Black Infrared 23, 72, 52, 49, 100, 35, 02/01/2019, New
Jordan 1 Retro High Shadow 2018 (GS), 4450, 120, 182, 300, 80, 04/14/2018, New
Jordan 11 Retro Low Derek Jeter RE2PECT, 2391, 200, 184, 300, 141, 07/18/2018, New
Jordan 5 Retro Black Metallic (2016), 1850, 220, 249, 320, 140, 07/23/2016, New
Jordan 8 Retro South Beach, 1396, 190, 161, 256, 115, 10/13/2018, New
Jordan Legacy 312 Rookie of the Year, 921, 150, 99, 180, 56, 11/01/2018, New
Jordan 11 Retro Low Snake Navy 2019 (GS), 869, 135, 129, 190, 97, 04/19/2019, New
Jordan 14 Retro Ferrari University Gold (GS), 173, 150, 147, 245, 80, 06/22/2019, New
Jordan 3 Retro Black Cement 2018 (GS), 2101, 140, 114, 190, 70, 02/17/2018, New
Jordan 1 Retro Chicago (2015), 916, 160, 718, 1100, 398, 05/30/2015, New
Jordan 13 Retro Black Cat, 645, 190, 227, 309, 121, 01/21/2017, New
Jordan 6 Retro Alternate Hare, 587, 190, 205, 400, 100, 03/11/2017, New
Jordan 7 Retro Reflections of a Champion, 563, 225, 171, 350, 111, 06/08/2019, New
Jordan 7 Retro Topaz Mist (GS), 398, 140, 124, 184, 80, 05/18/2019, New
Jordan 1 Retro High Hyper Royal (GS), 295, 120, 67, 122, 39, 07/07/2018, New
Jordan 1 Low Lakers Top 3, 204, 90, 90, 111, 70, 06/20/2019, New
Jordan 13 Retro Carmelo Anthony Class Of 2002 (B-Grade), 5714, 190, 131, 230, 90, 09/15/2018, New
Jordan 1 Retro High Paris Saint Germain, 2374, 160, 163, 500, 99, 11/06/2018, New
Jordan 1 Mid Black Cone, 1780, 110, 109, 223, 44, 09/15/2018, New
Jordan 1 Retro High Guava Ice, 1707, 160, 105, 301, 60, 09/01/2018, New
Jordan 11 Retro Low Closing Ceremony, 1248, 170, 197, 375, 120, 08/27/2016, New
Jordan 4 Retro Flight Nostalgia (GS), 1104, 140, 132, 199, 86, 03/02/2019, New
Jordan 7 Retro Hare (2015), 998, 190, 195, 319, 120, 05/16/2015, New
Jordan 6 Retro Diffused Blue, 821, 190, 174, 515, 111, 12/22/2018, New
Jordan 8 Retro Reflections of a Champion, 572, 225, 203, 375, 136, 06/08/2019, New
Jordan 1 Retro High Sports Illustrated (A Star Is Born) (GS), 5652, 120, 157, 249, 98, 12/27/2018, New
Jordan 11 Retro Concord 2018 (GS), 4527, 170, 187, 249, 125, 12/08/2018, New
Jordan 1 Mid Team Orange Black, 2929, 120, 147, 225, 40, 12/18/2018, New
Jordan 14 Retro Last Shot (2018), 1871, 190, 180, 269, 80, 06/14/2018, New
Jordan 1 Retro High Spider-Man Origin Story (TD), 1756, 50, 74, 150, 50, 12/14/2018, New
Jordan XXXIII Future of Flight, 1651, 175, 193, 450, 121, 10/18/2018, New
Jordan 4 Retro Hot Punch (W), 1455, 190, 165, 250, 101, 01/19/2018, New
Jordan 11 Retro Low Bred, 892, 170, 282, 435, 190, 05/23/2015, New
Jordan 5 Retro Blue Suede, 870, 190, 185, 299, 60, 09/30/2017, New
Jordan 12 Retro Black Metallic Gold White (W), 584, 190, 194, 319, 90, 05/17/2019, New
Jordan 12 Retro Taxi (2013), 553, 170, 343, 800, 186, 12/14/2013, New
Jordan Proto Max 720 Gym Red Black, 407, 200, 159, 304, 85, 03/21/2019, New
Jordan 1 Retro High Twist (Special Box) (W), 254, 160, 176, 270, 129, 05/02/2019, New
Jordan Legacy 312 Desert Camo (GS), 117, 110, 102, 150, 65, 01/01/2019, New
Jordan 1 Mid Pine Green, 4827, 120, 142, 250, 66, 12/18/2018, New
Jordan 10 Retro Orlando, 2645, 190, 142, 270, 98, 12/01/2018, New
Jordan 1 Retro Black Toe (2016), 1283, 160, 496, 870, 200, 11/05/2016, New
Jordan 6 Retro Maroon (2015), 1200, 220, 204, 360, 100, 12/05/2015, New
Jordan 6 Retro Wheat, 1181, 190, 139, 349, 99, 11/24/2017, New
Jordan 8 Retro Aqua (2015), 1145, 190, 208, 310, 75, 11/27/2015, New
Jordan 13 Retro OG Chicago (2017), 1120, 190, 186, 249, 110, 02/18/2017, New
Jordan 6 Retro Carmine (2014), 1113, 170, 274, 450, 170, 05/24/2014, New
Jordan 11 Retro Low Cherry (2016), 953, 170, 228, 314, 157, 06/04/2016, New
Jordan 4 Retro Oreo (2015), 896, 190, 209, 400, 140, 02/21/2015, New
Jordan 1 Mid Triple Black (2018), 848, 110, 75, 160, 46, 03/16/2018, New
Jordan Legacy 312 Low Bred Cement, 580, 140, 129, 250, 72, 01/03/2019, New
Jordan 1 Low White Black Mystic Green, 581, 90, 92, 183, 60, 04/24/2019, New
Jordan 8 Retro Quai54 (2019), 166, 190, 246, 421, 173, 06/15/2019, New
Jordan 1 Retro High Spider-Man Origin Story (GS), 9431, 120, 222, 425, 146, 12/14/2018, New
Jordan 5 Retro Wings, 4786, 200, 294, 699, 190, 09/29/2018, New
Jordan 1 Mid Bred Multi-Color, 3553, 110, 138, 300, 79, 01/16/2019, New
Jordan 4 Retro Pure Money (2017), 1755, 190, 244, 550, 130, 05/13/2017, New
Jordan 1 Retro High Wheat, 1452, 160, 101, 248, 52, 11/25/2017, New
Jordan 1 Retro All Star 2017 Chameleon, 1300, 175, 305, 600, 140, 02/19/2017, New
Jordan 7 Retro Bordeaux (2015), 1048, 190, 227, 309, 160, 07/18/2015, New
Jordan 12 Retro The Master, 945, 190, 283, 395, 226, 02/27/2016, New
Jordan 1 Retro Royal 2017 (GS), 876, 120, 216, 315, 132, 04/01/2017, New
Jordan 5 Retro White Cement, 732, 190, 208, 410, 80, 08/05/2017, New
Jordan 1 Mid Infrared 23, 712, 110, 105, 170, 56, 12/13/2018, New
Jordan 11 Retro Low Midnight Navy, 636, 170, 205, 285, 135, 06/04/2016, New
Jordan 14 Retro Black Toe (2014), 374, 170, 256, 350, 150, 09/20/2014, New
Jordan 14 Retro Rip Hamilton (GS), 284, 140, 149, 199, 70, 04/06/2019, New
Jordan 5 Retro International Flight (GS), 258, 140, 108, 220, 75, 08/25/2018, New
Jordan 1 Mid White Topaz Mist (GS), 201, 90, 98, 149, 46, 04/01/2019, New
Jordan 1 Mid White Black Gym Red (GS), 170, 90, 93, 128, 64, , New
Jordan 1 Mid Triple White (2019), 159, 110, 91, 150, 25, 03/14/2019, New
Jordan XX9 Hare, 147, 225, 104, 150, 80, 05/05/2015, New
Jordan 11 Retro Platinum Tint (GS), 3648, 170, 125, 250, 90, 10/27/2018, New
Jordan 1 Mid SE Lakers (GS), 3043, 100, 159, 350, 95, 02/01/2019, New
Jordan 12 Retro Chinese New Year (2019), 2567, 250, 239, 390, 150, 02/05/2019, New
Jordan 11 Retro Low Golf Concord, 2198, 220, 330, 685, 200, 02/15/2019, New
Jordan 1 Mid Deep Royal Blue Black, 2045, 120, 133, 200, 70, 01/01/2019, New
Jordan 3 Retro Flyknit Black, 1756, 200, 221, 500, 131, 08/15/2018, New
Jordan XXXIII Travis Scott, 1724, 185, 242, 800, 160, 02/14/2019, New
Jordan 9 Retro Dream It Do It, 1722, 190, 192, 360, 120, 03/09/2019, New
Jordan 1 Mid Pink Foam (GS), 1503, 90, 113, 300, 60, 01/01/2019, New
Jordan Legacy 312 Tech Challenge 2 Hot Lava, 1079, 160, 169, 620, 70, 08/11/2018, New
Jordan 11 Retro Neutral Olive (W), 1091, 220, 121, 300, 70, 11/23/2018, New
Jordan 11 Retro Low Concord, 860, 150, 300, 460, 181, 05/03/2014, New
Jordan 12 Retro Deep Royal Blue, 825, 190, 234, 348, 150, 11/12/2016, New
Jordan 4 Retro Toro Bravo, 815, 160, 360, 500, 260, 07/13/2013, New
Jordan 4 Retro Alternate 89, 774, 190, 217, 390, 95, 01/02/2016, New
Jordan 3 Retro Sport Blue, 731, 170, 212, 320, 116, 08/16/2014, New
Jordan 1 Retro Premium Midnight Navy Light Cream (W), 684, 145, 162, 266, 115, 01/17/2019, New
Jordan 6 Retro All Star 2017, 680, 225, 157, 322, 90, 02/19/2017, New
Jordan 1 Retro High Off-White White, 637, 190, 2265, 3648, 1000, 03/03/2018, New
Jordan 10 Retro Double Nickel, 522, 190, 173, 240, 111, 03/28/2015, New
Jordan 5 Retro Fire Red Black Tongue (2013), 472, 160, 209, 306, 150, 08/31/2013, New
Jordan 13 Retro Cap and Gown (GS), 360, 150, 114, 225, 55, 04/27/2019, New
Jordan 11 Retro Low Reverse Concord, 264, 140, 302, 475, 165, 06/08/2013, New
Jordan 4 Retro Bred 2019 (PS), 249, 80, 84, 150, 48, 05/04/2019, New
Jordan 1 Mid South Beach, 5314, 120, 157, 349, 75, 10/01/2018, New
Jordan 12 Retro Winter Black, 3084, 200, 212, 350, 113, 12/15/2018, New
Jordan 5 Retro International Flight, 2941, 190, 148, 262, 85, 08/25/2018, New
Jordan 11 Retro Low Iridescent, 2153, 175, 206, 499, 120, 03/31/2018, New
Jordan 1 Mid Fly (GS), 1236, 100, 117, 175, 55, 03/01/2019, New
Jordan 3 Retro International Flight (GS), 1219, 140, 102, 160, 60, 06/30/2018, New
Jordan 6 Retro Infrared White (2014), 892, 170, 218, 450, 111, 02/15/2014, New
Jordan 1 Retro Yin Yang White, 852, 160, 183, 364, 80, 08/06/2016, New
Jordan 1 Mid Paint Stroke (GS), 818, 90, 110, 180, 45, 02/01/2019, New
Jordan 11 Retro Low Barons, 811, 175, 243, 400, 103, 05/27/2017, New
Jordan 5 Retro P51 Camo, 800, 190, 147, 200, 66, 09/02/2017, New
Jordan 1 Retro High Flyknit Royal, 778, 180, 92, 195, 54, 10/07/2017, New
Jordan 13 Retro Phantom (W), 772, 190, 153, 277, 80, 07/27/2018, New
Jordan 1 Retro High Flyknit Bred, 755, 180, 135, 240, 80, 09/09/2017, New
Jordan 6 Retro Sport Blue (2014), 701, 170, 193, 280, 120, 08/30/2014, New
Jordan 12 Retro Bordeaux, 658, 190, 179, 299, 100, 10/28/2017, New
Jordan 11 Retro Space Jam 2016 (GS), 627, 170, 214, 290, 112, 12/10/2016, New
Jordan 1 Mid Black Dark Concord, 600, 110, 98, 191, 60, 12/01/2018, New
Jordan 14 Retro Ferrari, 579, 200, 346, 575, 210, 09/06/2014, New
Jordan 13 Retro Wheat, 564, 190, 147, 228, 80, 11/21/2017, New
Jordan 4 Retro White Cement (2012), 514, 160, 260, 513, 140, 02/18/2012, New
Jordan 6 Retro Olympic London (2012), 353, 160, 236, 350, 130, 07/07/2012, New
Jordan 12 Retro Nylon, 349, 190, 211, 300, 126, 09/10/2016, New
Jordan 14 Retro Last Shot 2018 (GS), 349, 140, 103, 157, 56, 06/14/2018, New
Jordan 1 Retro High Pale Ivory (W), 279, 145, 215, 500, 150, 05/01/2019, New
Jordan XXXIII Vast Grey, 279, 175, 146, 752, 101, 03/07/2019, New
Jordan 10 Retro Lady of Liberty, 259, 190, 126, 190, 81, 02/15/2015, New
Jordan ADG White Cement, 235, 135, 171, 260, 125, 04/15/2019, New
Jordan 1 Mid White Cement, 211, 110, 92, 160, 57, 06/18/2018, New
Jordan 1 Mid Black Particle Grey Gym Red, 185, 110, 100, 199, 60, 03/15/2019, New
Jordan 5 Retro Fire Red (2006), 144, 160, 192, 285, 86, 12/16/2006, New
Jordan Spizike White Cement (2017), 112, 175, 139, 201, 65, 06/24/2017, New
Jordan 1 Mid Top 3 (TD), 63, 50, 46, 75, 30, 01/01/2019, New
Jordan 6 Retro Tinker, 3551, 190, 152, 279, 71, 10/06/2018, New
Jordan 4 Retro Silt Red Splatter (W), 2740, 190, 223, 390, 50, 02/22/2019, New
Jordan 1 Mid Bred Multi-Color (GS), 2860, 90, 112, 190, 71, 01/16/2019, New
Jordan 3 Retro Pure White (2018), 2259, 190, 161, 311, 105, 07/21/2018, New
Jordan 8 Retro Tinker Air Raid, 1898, 190, 158, 250, 86, 12/22/2018, New
Jordan 1 Retro High City of Flight, 1267, 160, 114, 250, 48, 01/10/2018, New
Jordan 12 Retro French Blue (2016), 1067, 190, 244, 339, 180, 04/02/2016, New
Jordan 8 Retro OVO White, 934, 225, 254, 401, 190, 02/16/2018, New
Jordan 5 Retro Red Suede, 911, 190, 195, 330, 133, 07/02/2017, New
Jordan 8 Retro OVO Black, 872, 225, 234, 350, 160, 02/16/2018, New
Jordan 6 Retro Chinese New Year (2018), 870, 250, 225, 400, 149, 01/13/2018, New
Jordan 1 Mid SE Deep Royal (GS), 873, 120, 130, 195, 81, 01/16/2019, New
Jordan 1 Mid Chicago, 836, 110, 132, 270, 45, 03/20/2018, New
Jordan 1 Retro High Wings, 712, 200, 196, 400, 113, 05/17/2017, New
Jordan 3 Retro True Blue 2016 (GS), 656, 160, 116, 200, 60, 11/25/2016, New
Jordan 1 Retro Bred 2016(GS), 614, 120, 309, 430, 219, 09/03/2016, New
Jordan Legacy 312 Lakers, 578, 150, 118, 300, 70, 11/01/2018, New
Jordan 5 Retro Metallic White (2015), 559, 190, 190, 300, 116, 04/04/2015, New
Jordan 18 Retro Yellow Ochre, 524, 225, 151, 395, 80, 09/15/2018, New
Jordan 3 Retro Cyber Monday (2016), 522, 190, 139, 299, 70, 10/15/2016, New
Jordan 5 Retro Fire Red (2013), 517, 160, 220, 385, 147, 01/26/2013, New
Jordan 3 Retro White Cement (2011), 451, 150, 286, 420, 165, 01/22/2011, New
Jordan 4 Retro Green Glow, 438, 160, 276, 415, 190, 08/17/2013, New
Jordan 3 Retro Powder Blue, 436, 170, 186, 289, 128, 01/18/2014, New
Jordan 5 Retro Satin Bred (GS), 404, 140, 100, 165, 50, 11/03/2018, New
Jordan 1 Retro High White Snake (W), 374, 145, 148, 900, 70, 07/01/2018, New
Jordan 1 Retro Black White (2014), 350, 140, 356, 751, 177, 11/08/2014, New
Jordan 88 Racer White Cement, 346, 100, 79, 150, 47, 09/01/2018, New
Jordan 1 Mid Multi-Color Swoosh Black, 343, 110, 80, 225, 42, 06/15/2018, New
Jordan 6 Retro History of Jordan (Spiz'ike), 256, 170, 188, 250, 106, 08/09/2014, New
Jordan 2 Retro Low Chicago (2016), 220, 160, 92, 204, 50, 05/21/2016, New
Jordan 11 Retro Low IE Cobalt (2015), 171, 170, 162, 250, 50, 08/01/2015, New
Jordan 4 Retro Flyknit Volt, 143, 220, 276, 450, 220, 06/14/2019, New
Jordan Spizike Mint Foam (GS), 32, 125, 47, 85, 37, 01/01/2017, New
Jordan 1 Cargo White Black, 30, 130, 125, 250, 85, , New
Jordan 1 Retro High Barely Volt (W), 9, 145, 180, 250, 150, 06/22/2019, New
Jordan 12 Retro International Flight, 4973, 200, 195, 347, 100, 09/08/2018, New
Jordan 1 Retro High Spider-Man Origin Story (PS), 1993, 70, 101, 250, 70, 12/14/2018, New
Jordan 8 Retro Tinker Air Raid, 1899, 190, 158, 250, 86, 12/22/2018, New
Jordan 10 Retro Light Smoke Grey, 1626, 190, 176, 300, 117, 07/28/2018, New
Jordan 15 Retro Doernbecher (2018), 1323, 190, 215, 425, 120, 12/14/2018, New
Jordan 1 Mid Top 3 (GS), 1235, 90, 103, 180, 75, 01/01/2019, New
Jordan 11 Retro Gamma Blue, 1121, 185, 364, 600, 270, 12/21/2013, New
Jordan 10 Retro Russell Westbrook Class of 2006, 1039, 190, 150, 239, 95, 06/30/2018, New
Jordan 6 Retro Tinker (GS), 897, 140, 129, 222, 70, 10/06/2018, New
Jordan 5 Retro Grape (2013), 876, 160, 210, 300, 145, 05/04/2013, New
Jordan 9 Retro OG (2016), 834, 190, 249, 400, 127, 12/03/2016, New
Jordan 4 Retro 30th Anniversary Laser, 831, 250, 228, 360, 141, 02/13/2015, New
Jordan 1 Retro High Noise Cancelling Pack Nigel Sylvester, 811, 110, 206, 400, 100, 11/30/2018, New
Jordan 11 Retro Win Like 96 (GS), 762, 170, 202, 320, 110, 12/09/2017, New
Jordan 13 Retro Olive, 716, 190, 125, 206, 80, 01/20/2018, New
Jordan 6 Retro Doernbecher 15th Anniversary, 715, 190, 939, 1500, 590, 02/23/2019, New
Jordan 12 Retro International Flight (GS), 691, 140, 118, 180, 70, 09/08/2018, New
Jordan 4 Retro Motorsports 2017 (GS), 660, 140, 140, 300, 62, 03/26/2017, New
Jordan 12 Retro Dark Grey, 580, 190, 212, 299, 115, 11/18/2017, New
Jordan 12 Retro Chinese New Year, 576, 250, 270, 380, 190, 01/28/2017, New
Jordan 12 Retro Vachetta Tan (W), 574, 190, 127, 210, 61, 03/23/2018, New
Jordan 2 Retro Black History Month (2019), 550, 190, 131, 295, 64, 02/02/2019, New
Jordan 9 Retro Boot Wheat, 540, 225, 162, 325, 87, 10/17/2018, New
Jordan 5 Retro Laney (2013), 529, 170, 188, 261, 110, 11/02/2013, New
Jordan Legacy 312 Desert Camo, 523, 160, 125, 250, 68, 01/01/2019, New
Jordan 10 Retro Bulls Over Broadway, 509, 190, 174, 300, 100, 02/14/2015, New
Jordan Apex Utility Flight Utility, 501, 200, 239, 412, 175, 02/14/2019, New
Jordan 18 Retro Racer Blue, 503, 225, 153, 250, 70, 09/15/2018, New
Jordan Legacy 312 Toro, 486, 160, 98, 200, 60, 09/29/2018, New
Jordan 1 Low White Gum Hyper Pink, 446, 90, 100, 235, 56, 04/01/2019, New
Jordan 1 Retro Metallic Navy (2016), 442, 160, 185, 345, 55, 06/04/2016, New
Jordan 11 Retro Low Infrared, 435, 150, 257, 380, 190, 06/14/2014, New
Jordan 1 Retro David Letterman, 435, 160, 119, 200, 50, 04/30/2016, New
Jordan 12 Retro Flu Game 2016 (GS), 430, 140, 147, 220, 73, 05/28/2016, New
Jordan 8 Retro Champagne, 394, 250, 253, 400, 180, 06/25/2016, New
Jordan Legacy 312 Rookie of the Year (GS), 380, 110, 75, 103, 55, 11/01/2018, New
Jordan 13 Retro Bred 2017 (GS), 369, 140, 114, 190, 50, 08/19/2017, New
Jordan 4 Retro Military Blue (2012), 370, 160, 240, 400, 105, 06/09/2012, New
Jordan 1 Retro Mid Black Dark Grey, 365, 110, 119, 235, 50, 12/01/2017, New
Jordan 1 Retro High Shadow 2018 (TD), 365, 50, 56, 100, 30, 04/13/2018, New
Jordan 6 Rings Gym Red, 323, 165, 115, 220, 80, 01/07/2019, New
Jordan 8 Retro Three Peat, 319, 190, 154, 230, 90, 10/24/2015, New
Jordan 13 Retro Dirty Bred, 313, 185, 186, 298, 110, 12/13/2014, New
Jordan 6 Retro Pinnacle Metallic Gold, 287, 250, 341, 480, 235, 10/22/2016, New
Jordan 13 Retro Low Bred, 273, 160, 156, 313, 91, 06/13/2015, New
Jordan 1 Mid Last Shot, 269, 110, 89, 200, 52, 06/01/2018, New
Jordan 7 Retro Olympic (2012), 255, 160, 263, 380, 130, 07/21/2012, New
Jordan 6 Retro History of Jordan (Spiz'ike), 256, 170, 188, 250, 106, 08/09/2014, New
Jordan 13 Retro Low Chutney, 250, 175, 119, 215, 70, 06/10/2017, New
Jordan 3 Retro Bordeaux (W), 250, 180, 111, 260, 50, 09/21/2018, New
Jordan 18 Retro White Sport Royal, 222, 225, 279, 449, 200, 01/22/2018, New
Jordan 6 Retro Cigar, 221, 250, 258, 397, 190, 06/14/2014, New
Jordan 1 Retro Barons, 215, 140, 313, 600, 160, 04/05/2014, New
Jordan 9 Retro Statue, 208, 190, 156, 240, 70, 08/22/2015, New
Jordan 1 Retro High Flyknit Derek Jeter RE2PECT, 207, 180, 147, 295, 75, 02/23/2018, New
Jordan Legacy 312 Olympic, 211, 150, 104, 200, 71, 02/01/2019, New
Jordan 6 Retro White Jade Black (GS), 182, 140, 119, 193, 56, 03/04/2017, New
Jordan 11 Retro Low IE Referee (2015), 169, 170, 167, 270, 100, 09/26/2015, New
Jordan Proto Max 720 Black University Red, 149, 200, 175, 269, 115, 04/01/2019, New
Jordan 1 Mid All Over Logos (GS), 139, 90, 94, 151, 73, 05/01/2019, New
Jordan 1 Mid Maybe I Destroyed The Game, 79, 120, 107, 175, 60, 03/20/2019, New
Jordan 1 Retro Mid White Gym Red Black, 76, 110, 120, 200, 53, 05/01/2016, New
Air Jordan 1 Mid Lakers, 52, 105, 193, 325, 60, 04/01/2013, New
Jordan 1 Mid Reverse Black Toe (W), 24, 110, 128, 250, 110, 06/01/2019, New
Jordan Hydro 7 Black White Gym Red, 15, 50, 31, 45, 25, 01/01/2018, New
Jordan 1 Retro High Court Purple (GS), 5637, 120, 315, 450, 181, 09/22/2018, New
Jordan 4 Retro Fire Red Singles Day 2018 (W), 1354, 190, 168, 289, 86, 11/11/2018, New
Jordan 10 Retro Tinker, 1287, 190, 141, 285, 80, 10/20/2018, New
Jordan 18 Retro Black Sport Royal, 1196, 225, 224, 429, 126, 10/11/2018, New
Jordan 12 Retro Gym Red, 943, 190, 222, 320, 162, 07/02/2016, New
Jordan 12 Retro Winter Black (GS), 894, 140, 162, 215, 75, 12/15/2018, New
Jordan Legacy 312 Command Force Volt, 823, 160, 139, 350, 41, 08/11/2018, New
Jordan 4 Retro Columbia (2015), 807, 190, 206, 295, 115, 01/10/2015, New
Jordan 1 Retro UNC, 777, 160, 327, 560, 181, 10/10/2015, New
Jordan 1 Retro High RE2PECT (Derek Jeter), 676, 160, 219, 435, 101, 11/18/2017, New
Jordan 11 Retro Low Cool Grey (GS), 662, 130, 158, 290, 60, 04/28/2018, New
Jordan 1 Retro High Rox Brown (W), 642, 160, 174, 300, 100, 12/12/2018, New
Jordan 9 Retro City of Flight, 623, 190, 158, 299, 85, 02/03/2018, New
Jordan 13 Retro Alternate History of Flight, 609, 190, 174, 250, 65, 07/22/2017, New
Jordan 1 Retro High Flyknit Shadow, 545, 180, 110, 205, 62, 01/13/2018, New
Jordan 11 Retro Low Georgetown, 546, 170, 231, 345, 160, 04/11/2015, New
Jordan 7 Retro Pantone, 541, 190, 128, 250, 70, 04/29/2017, New
Jordan 3 Retro Infrared 23, 508, 170, 218, 325, 156, 03/08/2014, New
Jordan 12 Retro Desert Sand (GS), 487, 140, 117, 300, 52, 11/17/2018, New
Jordan 4 Retro Fire Red (2012), 475, 160, 254, 525, 150, 08/04/2012, New
Jordan 7 Retro Marvin the Martian, 473, 190, 143, 229, 100, 08/15/2015, New
Jordan 12 Retro Grey University Blue, 467, 190, 201, 299, 140, 06/25/2016, New
Jordan 4 Retro Royalty (GS), 462, 140, 117, 250, 60, 02/04/2017, New
Jordan 18 Retro Campfire Orange, 471, 225, 143, 245, 80, 09/15/2018, New
Jordan 4 Retro Levi's Denim (Tag with Levi's Logo), 449, 225, 613, 1470, 450, 01/17/2018, New
Jordan 4 Retro Thunder (2012), 454, 160, 289, 500, 150, 12/22/2012, New
Jordan 8 Retro Black Cement, 451, 190, 170, 250, 120, 09/16/2017, New
Jordan XXXIII Blackout, 462, 175, 165, 300, 88, 11/29/2018, New
Jordan 9 Retro Kobe Bryant PE, 437, 190, 180, 260, 75, 11/19/2016, New
Jordan 18 Retro Toro, 433, 225, 223, 350, 121, 04/07/2018, New
Jordan 4 Retro Bred 2019 (TD), 419, 60, 67, 125, 40, 05/04/2019, New
Jordan 1 Retro White Perforated, 414, 160, 108, 294, 55, 02/04/2017, New
Jordan 8 Retro Bugs Bunny (2013), 413, 160, 195, 287, 85, 04/20/2013, New
Jordan 13 Retro Chris Paul Away, 410, 200, 168, 240, 107, 11/07/2015, New
Jordan 5 Retro Poison Green, 389, 190, 183, 300, 70, 06/06/2015, New
Jordan 3 Retro Fire Red (2013), 391, 160, 193, 249, 121, 08/03/2013, New
Jordan 11 Retro Low IE Volt, 369, 170, 137, 250, 60, 08/16/2018, New
Jordan 4 Retro Dunk From Above, 372, 190, 167, 234, 101, 03/19/2016, New
Jordan 8 Retro Playoffs (2013), 358, 160, 223, 320, 130, 06/29/2013, New
Jordan 7 Retro French Blue (2015), 348, 190, 168, 258, 75, 01/24/2015, New
Jordan 5 Retro Low Neymar, 316, 200, 250, 425, 135, 06/03/2016, New
Jordan 5 Retro Premium Wine, 312, 400, 227, 450, 120, 12/14/2017, New
Jordan 5 Retro Black Grape (2013), 313, 160, 260, 380, 170, 06/15/2013, New
Jordan 4 Retro Teal, 303, 190, 164, 280, 100, 03/14/2015, New
Jordan 12 Retro Wool, 301, 200, 190, 279, 101, 10/01/2016, New
Jordan 3 Retro Golf White Cement, 299, 200, 408, 950, 250, 02/10/2017, New
Jordan 7 Retro Raptors (2012), 297, 160, 264, 360, 147, 09/01/2012, New
Jordan 6 Retro Infrared 23 (Toro), 296, 170, 277, 367, 171, 02/15/2014, New
Jordan 6 Retro White Laser Fuchsia Green Abyss (GS), 296, 140, 112, 185, 71, 03/02/2019, New
Jordan 17 Retro Copper (2016), 263, 250, 166, 250, 105, 04/09/2016, New
Jordan 7 Retro Barcelona Days, 262, 190, 172, 249, 95, 04/25/2015, New
Jordan 13 Retro He Got Game (2013), 248, 170, 218, 445, 131, 03/16/2013, New
Jordan 13 Retro Barons Hologram, 243, 185, 215, 329, 120, 10/25/2014, New
Jordan 10 Retro Cool Grey, 231, 170, 151, 220, 60, 01/25/2014, New
Jordan 10 Retro Chicago Bulls (2012), 231, 160, 169, 280, 110, 01/21/2012, New
Jordan 11 Retro Pantone, 223, 250, 412, 600, 299, 12/23/2014, New
Jordan XXXIII Chinese New Year (2019), 217, 175, 180, 381, 100, 02/05/2019, New
Jordan 5 Retro Take Flight, 216, 400, 214, 330, 115, 02/11/2017, New
Jordan 12 Retro Low Wolf Grey, 207, 170, 168, 289, 103, 03/18/2017, New
Jordan 5 Retro Low Alternate 90, 190, 175, 176, 275, 100, 01/30/2016, New
Jordan 4 Retro Fire Red Mars Blackmon, 180, 115, 244, 355, 190, 07/22/2006, New
Jordan 1 Retro Carmine (2014), 170, 140, 249, 365, 160, 05/24/2014, New
Jordan 1 Retro High Gatorade Blue Lagoon (GS), 168, 150, 87, 278, 40, 12/26/2017, New
Jordan 1 Retro High Flyknit Black History Month (2018), 166, 180, 126, 250, 70, 02/01/2018, New
Jordan 1 Retro Chicago 2015 (GS), 164, 120, 558, 1000, 340, 05/30/2015, New
Jordan 2 Retro Dark Concord, 160, 150, 125, 200, 55, 05/10/2014, New
Jordan 12 Retro Cherry (2009), 144, 150, 389, 600, 235, 12/19/2009, New
Jordan 1.5 Retro Bred, 144, 150, 189, 319, 105, 11/21/2015, New
Jordan 11 Retro Low Barons (GS), 128, 130, 184, 275, 92, 05/27/2017, New
Jordan 1 Mid University Gold Black, 131, 110, 94, 180, 66, 04/01/2019, New
Jordan 11 Retro Playoffs (2001), 102, 125, 363, 500, 225, 12/22/2001, New
Jordan 11 Retro Low Snake Navy 2019 (TD), 99, 55, 61, 120, 39, 04/19/2019, New
Jordan 1 Retro High Flyknit Shadow (GS), 96, 140, 76, 125, 52, 01/13/2018, New
Jordan 6 Retro Golden Moments Pack (6/7), 91, 175, 238, 355, 165, 08/18/2012, New
Jordan 3 Retro White Cement (2003), 76, 100, 270, 450, 120, 04/19/2003, New
Jordan Countdown Pack 7/16, 68, 310, 366, 490, 220, 06/21/2008, New
Jordan Proto React Black White, 66, 150, 104, 210, 65, 03/08/2019, New
Jordan 23 Solefly Florida Marlins, 57, 275, 237, 346, 141, 10/22/2016, New
Jordan 1 Retro High Double Strap Black Sail, 49, 140, 83, 190, 53, 09/01/2018, New
Jordan 1 Retro High Double Strap Black Gym Red, 44, 140, 101, 200, 45, 01/07/2019, New
Jordan 1 Cargo Black White, 42, 130, 161, 200, 104, , New
Jordan 8 Retro Chrome 2015 (GS), 32, 140, 144, 225, 80, 12/19/2015, New
Jordan 10 Retro Steel (GS), 27, , 97, 165, 40, , New
Jordan 1.5 Retro Sand Dune, 22, 150, 115, 225, 60, 12/12/2015, New
Jordan 11 OG Playoffs (1995), 21, 125, 421, 750, 275, 01/01/1995, New
Jordan Jumpman Pro Black Gym Red University Blue, 12, 140, 106, 150, 56, 05/02/2019, New
Jordan 11 Retro Low IE Space Jam, 15, 170, 217, 300, 101, 07/13/2019, New
Jordan 1 Retro High Pine Green (GS), 2626, 120, 271, 400, 200, 09/22/2018, New
Jordan 9 Retro Dream It Do It (GS), 1724, 140, 161, 260, 70, 03/09/2019, New
Jordan 1 Mid Team Orange Black (GS), 1487, 100, 167, 319, 101, 12/18/2018, New
Jordan Legacy 312 Ghost Green, 1299, 160, 170, 800, 40, 07/14/2018, New
Jordan 1 Rebel XX Chicago (W), 1272, 145, 174, 345, 83, 05/19/2018, New
Jordan 12 Retro Chris Paul Class Of 2003, 1254, 190, 182, 310, 100, 08/11/2018, New
Jordan 4 Retro Levi's Black (Blank Tag), 984, , 284, 599, 215, 06/30/2018, New
Jordan 3 Retro AWOK Vogue Black (W), 999, 220, 162, 316, 65, 09/07/2018, New
Jordan 4 Retro Motorsports Alternate, 917, 190, 185, 360, 100, 06/17/2017, New
Jordan 13 Retro Low Clot Black Red, 906, 200, 321, 640, 200, 12/22/2018, New
Jordan 9 Retro Boot Black Concord, 906, 225, 174, 300, 100, 10/17/2018, New
Jordan 1 Retro High OG Sail, 856, 160, 189, 338, 85, 06/20/2017, New
Jordan 4 Retro Pure Money 2017 (GS), 836, 140, 168, 350, 90, 05/13/2017, New
Jordan 1 Retro Yin Yang Black, 836, 160, 151, 282, 66, 08/06/2016, New
Jordan 4 Retro Sand 2017 (GS), 832, 140, 127, 245, 40, 06/10/2017, New
Jordan 1 Retro Metallic Red (2017), 825, 160, 166, 396, 76, 05/06/2017, New
Jordan 1 Mid True Berry Rush Pink (GS), 804, 90, 112, 180, 64, 02/01/2019, New
Jordan 1 Mid Reverse New Love, 779, 110, 124, 226, 60, 06/15/2018, New
Jordan 9 Retro Pearl Blue (GS), 764, 140, 138, 200, 80, 02/09/2019, New
Jordan 3 Retro Golf Black Green Glow, 697, 200, 249, 525, 170, 08/10/2018, New
Jordan 1 Retro High OG Sail (GS), 635, 120, 107, 177, 40, 08/01/2017, New
Jordan 3 Retro Hall of Fame (GS), 628, 140, 125, 200, 60, 05/12/2018, New
Jordan 7 Retro Pure Platinum, 593, 190, 135, 230, 70, 06/03/2017, New
Jordan 1 Retro Mid New Love (2017), 568, 110, 301, 589, 160, 06/01/2017, New
Jordan 1 Retro High Think 16 (Pass the Torch), 544, 145, 1076, 4300, 386, 04/28/2018, New
Jordan 1 Retro High Gatorade Rush Violet, 539, 175, 124, 425, 77, 12/26/2017, New
Jordan 11 Retro Concord 2018 (TD), 539, 70, 78, 157, 40, 12/08/2018, New
Jordan 2 Retro Melo (2018), 532, 190, 155, 300, 90, 06/09/2018, New
Jordan Defining Moments Pack Last Shot, 525, 500, 347, 497, 180, 06/14/2017, New
Jordan 14 Retro Desert Sand, 520, 190, 155, 270, 90, 05/15/2018, New
Jordan 8 Retro Take Flight, 518, 190, 183, 250, 123, 01/28/2017, New
Jordan 13 Retro What Is Love Pack, 491, , 204, 395, 136, 11/11/2016, New
Jordan 11 Retro Cool Grey (2010), 489, 175, 398, 1000, 295, 12/23/2010, New
Jordan 1 Retro Storm Blue, 479, 160, 274, 512, 143, 12/23/2016, New
Jordan 1 Mid Multi-Color Swoosh (GS), 457, 90, 143, 301, 86, 06/01/2018, New
Jordan 1 Mid Crimson Pulse (GS), 449, 90, 99, 194, 55, 07/01/2018, New
Jordan 8 Retro Cool Grey, 446, 190, 166, 335, 70, 08/26/2017, New
Jordan 1 Retro High OG Quai 54, 426, 160, 200, 450, 90, 07/08/2017, New
Jordan 1 Retro High Shadow 2018 (PS), 398, 70, 77, 155, 36, 04/14/2018, New
Jordan 5 Retro Oreo, 400, 170, 237, 350, 150, 11/29/2013, New
Jordan 11 Retro Cleat Concord, 392, 125, 106, 250, 50, 03/16/2018, New
Jordan 1 Mid Black White (2018), 391, 110, 107, 300, 40, 04/01/2018, New
Jordan 4 Retro 11Lab4 Red, 373, 250, 311, 796, 125, 07/11/2015, New
Jordan 13 Retro Alternate History of Flight (GS), 370, 140, 133, 260, 75, 07/22/2017, New
Jordan 1 Mid Reverse Bred, 362, 105, 148, 230, 105, 10/01/2018, New
Jordan 11 Retro Heiress Night Maroon (GS), 355, 220, 286, 452, 150, 12/17/2016, New
Jordan 7 Retro Low Taxi, 355, , 135, 229, 87, 09/27/2018, New
Jordan 1 Mid Royal Paint Splatter, 350, 110, 115, 200, 50, 03/22/2018, New
Jordan 12 Retro Chinese New Year 2019 (GS), 343, 170, 186, 249, 120, 02/05/2019, New
Jordan Spizike Black Varsity Red (2017), 359, 175, 87, 175, 54, 10/04/2017, New
Jordan 1 Retro High Zip AWOK Vogue University Red (W), 339, 220, 300, 596, 180, 07/21/2018, New
Jordan 11 Retro Space Jam (2009), 333, 175, 330, 460, 240, 12/23/2009, New
Jordan 10 Retro New York City (2016), 325, 190, 130, 250, 81, 04/27/2016, New
Jordan 1 Retro Hare Jordan (2015), 323, 125, 180, 300, 100, 04/04/2015, New
Jordan XXXIII Visible Utility, 309, 175, 171, 300, 100, 11/16/2018, New
Jordan XXXII Low Last Shot, 304, 160, 101, 228, 65, 06/09/2018, New
Jordan 12 Retro Doernbecher (2017), 293, 190, 270, 350, 200, 11/18/2017, New
Jordan Legacy 312 Black Gold Patent, 293, 150, 98, 250, 66, , New
Jordan 8 Retro Alternate, 287, 190, 194, 299, 106, 02/25/2017, New
Jordan 4 Retro Columbia 2015 (GS), 284, 140, 143, 209, 85, 01/10/2015, New
Jordan XXXII Russell Westbrook OKC, 279, 185, 101, 155, 70, 11/22/2017, New
Jordan 6 Retro Black Infrared 2019 (TD), 280, 60, 66, 99, 40, 02/16/2019, New
Jordan 6 Retro Low Infrared White, 277, 175, 196, 380, 93, 07/04/2015, New
Jordan 11 Retro Low Golf Safari Bred, 277, 200, 489, 1000, 355, 05/17/2019, New
Jordan 11 Retro Low University Blue (GS), 264, 130, 170, 250, 80, 04/15/2017, New
Jordan 12 Retro Gamma Blue, 259, 170, 315, 465, 140, 12/26/2013, New
Jordan 11 Retro Low Heiress Pure Platinum (GS), 258, 175, 155, 250, 85, 05/20/2017, New
Jordan 4 Retro Laser Black Gum (GS), 250, 150, 95, 175, 60, 01/12/2018, New
Jordan 11 Retro Cleat Black, 248, 125, 85, 175, 50, 03/16/2018, New
Jordan 5 Retro Bel-Air, 245, 185, 397, 600, 318, 10/05/2013, New
Jordan 6 Retro Slam Dunk, 244, 250, 400, 650, 270, 11/01/2014, New
Jordan XXXII Black Cement, 243, 185, 139, 258, 88, 01/06/2018, New
Jordan XXX1 Banned, 242, 185, 152, 255, 71, 09/03/2016, New
Jordan 7 Retro Doernbecher, 224, 190, 300, 550, 210, 12/17/2016, New
Jordan 4 Retro Tattoo 2018 (GS), 220, 160, 135, 250, 70, 12/29/2018, New
Jordan 1 Retro Dave White Wings for the Future, 213, 175, 389, 925, 200, 02/11/2012, New
Jordan 13 Retro 3M Reflective Silver, 210, 185, 192, 280, 125, 10/04/2014, New
Jordan 9 Retro Boot NRG Olive, 205, 225, 195, 380, 85, 12/06/2017, New
Jordan 5 Retro 3Lab5 Infrared, 204, 225, 179, 260, 111, 12/31/2013, New
Jordan 4 Retro Monsoon Blue (GS), 205, 150, 99, 155, 70, 04/06/2019, New
Jordan 1.5 Retro Reverse Fragment, 203, 150, 132, 250, 81, 10/17/2015, New
Jordan 6 Retro Black Infrared 2019 (PS), 204, 80, 83, 127, 40, 02/16/2019, New
Jordan XX9 Pantone, 196, 250, 113, 200, 76, 12/23/2014, New
Jordan 4 Retro Ginger Wheat, 194, 400, 320, 500, 150, 10/29/2016, New
Jordan 1 SB Lance Mountain Black, 193, 150, 359, 500, 275, 06/07/2014, New
Jordan 13 Retro Black White Gum (GS), 190, 140, 114, 225, 75, 02/24/2018, New
Jordan 13 Retro Bordeaux (GS), 186, 140, 137, 204, 53, 10/28/2017, New
Jordan 6 Retro Champagne, 180, 250, 250, 338, 140, 06/14/2014, New
Jordan 12 Retro Dynamic Pink (GS), 185, 140, 157, 274, 75, 03/05/2016, New
Jordan 2 Retro Wing It, 183, 190, 135, 250, 45, 03/05/2016, New
Jordan 1 Mid Black Dark Concord (GS), 175, 90, 81, 128, 51, 12/01/2018, New
Jordan 1 Retro Black Toe (2016) (GS), 175, 120, 459, 720, 300, 11/05/2016, New
Jordan 2 Retro Decon Thunder Blue, 173, 160, 60, 100, 39, 07/15/2017, New
Jordan 8 Retro South Beach (GS), 173, 140, 111, 180, 70, 10/13/2018, New
Jordan 17 Retro Low SoleFly Alternate Lightning, 168, 225, 325, 498, 210, 02/24/2018, New
Jordan 11 Retro Low White Red (2012), 173, 140, 237, 400, 170, 05/05/2012, New
Jordan 1 Retro High Flyknit Clay Green, 168, 180, 129, 219, 50, 05/05/2018, New
Jordan 7 Retro Bordeaux 2015 (GS), 165, 140, 171, 250, 98, 07/18/2015, New
Jordan 1 Retro Mid Derek Jeter RE2PECT, 163, 110, 118, 384, 52, 07/26/2017, New
Jordan 5 Retro Black Metallic (2011), 164, 150, 225, 335, 130, 08/20/2011, New
Jordan 5 Retro Wolf Grey, 161, 150, 278, 399, 200, 05/14/2011, New
Jordan 3 Retro Fire Red (2007), 159, 125, 170, 250, 100, 03/24/2007, New
Jordan 11 Retro Low Bred (GS), 157, 120, 217, 320, 167, 05/22/2015, New
Jordan 4 Retro Valentine's Day 2019 (GS), 155, 140, 99, 160, 55, 02/09/2019, New
Jordan 11 Retro Low Georgetown (GS), 154, 120, 166, 199, 132, 04/11/2015, New
Jordan 12 Retro The Master (GS), 149, 140, 182, 275, 101, 02/27/2016, New
Jordan Why Not 0.2 BHM (2019), 146, 125, 135, 200, 81, 02/02/2019, New
Jordan 6 Retro Low Sunblush (GS), 146, 120, 108, 209, 62, 09/30/2017, New
Jordan Ultimate Gift of Flight (11/29), 143, 500, 417, 575, 301, 12/23/2014, New
Jordan 1 Retro Black Royal Blue (2013), 139, 140, 309, 499, 190, 02/16/2013, New
Jordan 4 Retro Military Blue (2006), 128, 115, 216, 399, 160, 09/09/2006, New
Jordan 1 SB Craig Stecyk Black Silver, 128, 150, 185, 269, 119, 03/15/2014, New
Jordan 1 Retro Low Pinnacle Metallic Silver, 126, 160, 84, 350, 40, 10/22/2016, New
Jordan 12 Retro Low Max Orange, 126, 170, 140, 226, 89, 01/14/2017, New
Jordan 1 Retro Dover Street Market, 123, 185, 204, 350, 125, 04/16/2015, New
Jordan 1 Retro KO Sail (2016), 123, 140, 107, 220, 33, 03/05/2016, New
Jordan 12 Retro Chinese New Year (GS), 122, 160, 179, 340, 50, 01/28/2017, New
Jordan 1 Retro AJKO Royal, 120, 140, 99, 199, 37, 08/23/2014, New
Jordan 5 Retro Low Dunk From Above, 119, 175, 136, 206, 87, 02/20/2016, New
Jordan Legacy 312 Black Camo Green, 115, 150, 96, 250, 69, 01/01/2019, New
Jordan 5 Retro Heiress Camo (GS), 114, 160, 72, 123, 30, 09/16/2017, New
Jordan 7 Retro Ray Allen Bucks (GS), 111, 140, 106, 169, 70, 06/01/2019, New
Jordan 15 Retro Obsidian, 105, 190, 143, 230, 77, 03/04/2017, New
Jordan XXXII Pure Platinum 2, 101, 185, 104, 190, 66, 01/01/2018, New
Jordan 10 Retro Bobcats, 101, 170, 141, 199, 85, 01/11/2014, New
Jordan 11 Retro Playoffs 2012 (GS), 100, 120, 351, 500, 184, 12/21/2012, New
Jordan 13 Retro MCS Cleat Barons, 97, 100, 85, 160, 50, 10/01/2018, New
Jordan 1 Retro Reverse Shattered Backboard (GS), 88, 120, 485, 650, 360, 10/08/2016, New
Jordan Defining Moments Pack (6/11), 87, 296, 863, 1200, 613, 01/28/2006, New
Jordan 3 Retro Golf Brown, 86, 225, 249, 420, 180, 02/16/2018, New
Jordan 1 Retro Mid New Love 2017 (TD), 85, 50, 61, 105, 32, 05/08/2017, New
Jordan 6 Retro Oreo, 83, 150, 308, 480, 195, 03/20/2010, New
Jordan 4 Retro Flight Nostalgia (TD), 83, 60, 49, 80, 30, 03/02/2019, New
Jordan Legacy 312 Wolf Grey, 79, 150, 91, 250, 50, 01/01/2019, New
Jordan 11 Retro Low Cleat Cool Grey, 76, 120, 95, 149, 50, 03/16/2018, New
Jordan 11 Retro Space Jam (2000), 76, 125, 337, 648, 260, 12/13/2000, New
Jordan 11 Retro Low Midnight Navy (GS), 76, 120, 154, 290, 80, 06/04/2016, New
Jordan 17 Retro Black Silver CDP (2008), 74, 155, 222, 340, 120, 05/24/2008, New
Jordan 14 Retro Fuchsia Flash Black Toe (GS), 73, 140, 99, 180, 50, 05/14/2018, New
Jordan 1 Retro High Taz (GS), 73, 95, 131, 227, 85, 05/06/2015, New
Jordan XXX White Black, 72, 200, 161, 399, 86, 02/10/2016, New
Jordan XXX UNC, 71, 200, 124, 255, 69, 03/05/2016, New
Jordan 11 Retro Low IE Militia Green (2015), 70, 170, 136, 325, 60, 09/19/2015, New
Jordan 1 Retro Mid Black (2016), 67, 110, 89, 180, 48, 06/01/2016, New
Jordan 4 Retro Black Cats, 60, 115, 385, 560, 266, 05/20/2006, New
Jordan 1 Retro High White Still Blue (GS), 61, 95, 104, 215, 50, 03/25/2017, New
Jordan 15 Retro PSNY Black Suede, 62, 225, 133, 225, 80, 09/10/2017, New
Jordan 1 Mid Olive Canvas (2018), 60, 120, 104, 200, 60, 11/01/2018, New
Jordan 3 Retro Cool Grey, 60, 135, 300, 475, 171, 02/24/2007, New
Jordan 1 Mid Light Bone, 68, 120, 126, 200, 70, 12/01/2018, New
Jordan 11 Retro Cleat White Royal, 53, 125, 111, 200, 85, 03/16/2018, New
Jordan Hydro 11 Retro Concord, 53, 58, 52, 75, 40, 01/01/2018, New
Jordan 11 Retro Columbia (2001), 50, 125, 281, 389, 175, 01/17/2001, New
Jordan Future Low Wolf Grey Emerald Rise, 50, 140, 63, 106, 39, 04/10/2018, New
Jordan 1 Retro High Igloo, 49, 160, 2174, 4000, 1265, 12/07/2017, New
Jordan Spizike Black Varsity Red 2017 (GS), 46, 125, 54, 99, 25, 10/04/2017, New
Jordan 1 Retro High Dip-Toe Black (W), 47, 145, 66, 130, 38, 02/01/2018, New
Jordan XXXII Low Chicago Win Like 96, 49, 160, 94, 130, 60, 12/02/2017, New
Jordan 10 Retro Ice Blue, 41, 125, 220, 325, 150, 06/11/2005, New
Jordan 88 Racer Black Anthracite, 40, 100, 43, 61, 28, 09/01/2018, New
Jordan 5 Retro P51 Camo (GS), 36, 140, 91, 179, 60, 09/02/2017, New
Jordan Apex React Black Atmosphere Grey Infrared 23, 35, 190, 106, 220, 70, , New
Jordan 1 Retro High Double Strap White Black Sail, 33, 140, 91, 170, 58, 02/12/2019, New
Jordan 8 Retro Champagne (GS), 32, 180, 192, 300, 103, 06/25/2016, New
Jordan 1 Retro Nouveau Navy Snake, 32, 150, 117, 220, 65, 05/01/2016, New
Jordan 23 White Varsity Red, 30, 185, 186, 300, 130, 05/31/2008, New
Jordan 8 Retro Tinker Air Raid (PS), 28, 80, 67, 100, 45, 12/22/2018, New
Jordan 1 Mid Unite Totale (W), 29, 120, 139, 222, 70, 05/16/2019, New
Jordan 13 Retro Atmosphere Grey (PS), 27, 80, 71, 101, 50, 03/23/2019, New
Jordan XX9 Playoff Pack Home, 28, 225, 113, 200, 75, 04/15/2015, New
Jordan Hydro 13 Retro White Metallic Silver, 29, 58, 56, 70, 45, 01/01/2017, New
Jordan Jumpman Z Bred, 28, 150, 77, 135, 50, 10/06/2018, New
Jordan Future Black Ice, 25, 150, 117, 225, 50, 08/27/2014, New
Jordan 1 Retro Nouveau Snakeskin, 22, 150, 113, 150, 65, 03/17/2016, New
Jordan Proto Max 720 Crimson Tint, 20, 200, 172, 225, 103, 04/01/2019, New
Jordan 3 Retro True Blue (2001), 19, 100, 229, 390, 145, 11/17/2001, New
Jordan Son of Mars Black Cement, 18, 160, 133, 200, 60, 06/02/2012, New
Jordan 13 Retro Grey Toe (GS), 17, , 123, 175, 80, , New
Jordan Spizike Sun Blush (GS), 16, 125, 57, 90, 40, 07/12/2017, New
Jordan 1 Mid Glow-In-The-Dark (GS), 10, 100, 96, 160, 72, 06/15/2019, New
Jordan XX8 SE Bred, 7, 150, 135, 190, 101, 02/01/2014, New
Jordan 10 Retro Verde (PS), 6, 80, 52, 60, 35, 03/28/2015, New
Jordan Legacy 312 Fly (GS), 6, 120, 128, 138, 120, 03/18/2019, New
Jordan 1 Low Black Wolf Grey, 4, 90, 111, 140, 80, 02/01/2016, New
Jordan 1 Retro Low Travis Scott, 2, 150, 1351, 1402, 1300, , New
Jordan 1 Jester XX Geode Teal (W), 2, 160, 86, 110, 62, 04/06/2018, New
Jordan 1 Mid Gunsmoke Volt (GS), 5, 90, 86, 101, 70, 07/01/2019, New
Jordan 10 Retro White Barely Volt Ember Glow (GS), 3, 140, 163, 170, 155, 07/01/2019, New
Jordan 1 Low Gold Toe, 1, 95, 236, 236, 236, 07/01/2019, New
Jordan 1 Retro High Game Royal (GS), 2385, 120, 246, 425, 129, 03/24/2018, New
Jordan 1 Mid White Black (GS), 2233, 90, 143, 300, 70, 11/01/2018, New
Jordan 1 Mid Equality (2019), 1690, 120, 205, 368, 95, 01/21/2019, New
Jordan 11 Retro Low Rose Gold (W), 1417, 175, 231, 500, 70, 04/13/2018, New
Jordan 12 Retro Gym Red 2018 (GS), 1389, 140, 149, 230, 60, 11/24/2018, New
Jordan 1 Rebel XX Top 3 (W), 1333, 145, 230, 451, 115, 05/19/2018, New
Jordan 13 Retro White Hyper Royal Black, 1144, 190, 187, 299, 126, 03/03/2018, New
Jordan Why Not 0.2 Future History, 1107, 125, 153, 235, 105, 01/10/2019, New
Jordan 1 Mid Black Cone (GS), 891, 90, 100, 160, 60, 09/15/2018, New
Jordan Legacy 312 Trainer 3 Medicine Ball, 888, 160, 159, 425, 86, 08/11/2018, New
Jordan 11 Retro Concord 2018 (PS), 700, 90, 100, 158, 45, 12/08/2018, New
Jordan 4 Retro Levi's Black (GS) (Levi's Tag), 684, 200, 171, 250, 100, 06/30/2018, New
Jordan 1 Rebel XX Concord (W), 687, 145, 142, 230, 70, 11/01/2018, New
Jordan 1 Retro High Blue Moon (GS), 641, 120, 322, 679, 138, 05/01/2018, New
Jordan Future Triple Black, 644, 150, 70, 150, 39, 06/25/2018, New
Jordan 5 Retro Light Aqua (GS), 629, 140, 161, 325, 100, 07/14/2018, New
Jordan 19 Retro White Flint Grey, 561, 225, 184, 378, 123, 01/05/2019, New
Air Jordan 3 JTH Super Bowl, 550, 200, 460, 686, 350, 02/04/2018, New
Jordan 6 Retro Gatorade Like Mike White (GS), 524, 140, 115, 189, 65, 12/16/2017, New
Jordan 6 Retro Black Cat, 520, 190, 195, 330, 121, 12/30/2016, New
Jordan 5 Retro Olympic (2016), 494, 190, 177, 263, 109, 08/20/2016, New
Jordan 1 Retro High Zip AWOK Vogue Sail (W), 480, 220, 270, 410, 170, 07/21/2018, New
Jordan 11 Retro Legend Blue 2014 (GS), 467, 150, 202, 306, 135, 12/20/2014, New
Jordan 7 Retro Barcelona Nights, 464, 190, 156, 230, 96, 03/07/2015, New
Air Jordan XXXII Black Cat, 465, 185, 125, 225, 65, 04/07/2018, New
Jordan 5 Retro Supreme Desert Camo, 455, 198, 454, 697, 350, 10/16/2015, New
Jordan 11 Retro UNC Win Like 82 (GS), 445, 170, 170, 246, 70, 11/11/2017, New
Jordan 3 Retro Wool, 439, 200, 123, 225, 50, 12/17/2016, New
Jordan 7 Retro Tinker Alternate, 434, 190, 179, 290, 100, 08/06/2016, New
Jordan 4 Retro White Cement 2016 (GS), 430, 160, 211, 305, 129, 02/13/2016, New
Jordan 1 Retro 30th Anniversary Laser, 410, 185, 202, 325, 100, 02/08/2015, New
Jordan 11 Retro 72-10 (GS), 389, 160, 199, 303, 161, 12/12/2015, New
Jordan 3 Retro Wolf Grey, 387, 170, 191, 325, 125, 07/19/2014, New
Jordan 1 Mid Desert Sand, 387, 110, 112, 250, 45, 05/01/2018, New
Jordan 4 Retro 11Lab4 Black, 385, 250, 240, 421, 155, 04/25/2015, New
Jordan 7 Retro Nothing But Net, 413, 190, 236, 375, 120, 11/14/2015, New
Jordan 1 Retro Cyber Monday (2015), 380, 160, 147, 240, 91, 11/30/2015, New
Jordan 12 Retro Wings, 374, 225, 469, 855, 300, 04/02/2016, New
Jordan 9 Retro Dream It Do It (TD), 372, 60, 76, 120, 50, 03/09/2019, New
Jordan 8 Retro Tinker Air Raid (GS), 365, 140, 107, 175, 68, 12/22/2018, New
Jordan 8 Retro Chrome (2015), 358, 190, 200, 350, 131, 12/19/2015, New
Jordan 10 Retro Powder (2014), 358, 170, 152, 230, 60, 02/22/2014, New
Jordan 13 Retro Atmosphere Grey (GS), 356, 140, 108, 150, 78, 03/23/2019, New
Jordan 11 Retro Low Closing Ceremony (GS), 349, 130, 137, 220, 85, 08/27/2016, New
Jordan 7 Retro Low Bright Concord, 345, , 151, 250, 100, 09/27/2018, New
Jordan 11 Retro Low Bleached Coral (GS), 343, 130, 165, 325, 90, 04/07/2018, New
Jordan 1 Retro High Camo 3M Wolf Grey, 337, 145, 117, 275, 50, 08/01/2017, New
Jordan 12 Retro Chris Paul Class Of 2003 (GS), 332, 140, 162, 235, 70, 08/11/2018, New
Jordan 1 Retro Chicago (2013), 327, 110, 473, 750, 290, 01/10/2013, New
Jordan 1 Retro High Season of Her Ice Peach (W), 316, 160, 75, 140, 50, 01/25/2018, New
Jordan 1 Retro Bred (2013), 316, 140, 423, 678, 175, 12/28/2013, New
Jordan 1 Retro High Flyknit Wolf Grey, 315, 180, 110, 229, 65, 11/01/2017, New
Jordan 1 Retro Red Suede, 314, 140, 146, 335, 40, 04/15/2017, New
Jordan 1 Mid Triple White (2018), 321, 110, 99, 157, 60, 06/01/2018, New
Jordan Future Premium Black Glow (2018), 318, 185, 88, 250, 55, 09/01/2018, New
Jordan 11 Retro Low IE Rio Teal, 310, 170, 133, 240, 66, 08/16/2018, New
Jordan 10 Retro Orlando (GS), 310, 140, 84, 125, 40, 12/01/2018, New
Jordan XXXIII Metallic Silver Black All Star, 305, 175, 146, 439, 88, 01/24/2019, New
Jordan 3 Retro True Blue (2011), 301, 150, 218, 261, 100, 06/19/2011, New
Jordan 2 Retro White Red (2014), 298, 150, 172, 255, 100, 06/07/2014, New
Jordan 16 Retro Midnight Navy (2016), 295, 250, 188, 390, 100, 12/22/2016, New
Jordan 9 Retro Barons, 293, 170, 205, 300, 120, 04/05/2014, New
Jordan 1 Retro UNC (GS), 292, 120, 234, 400, 123, 10/10/2015, New
Jordan 9 Retro Cool Grey (2012), 285, 160, 271, 423, 95, 12/15/2012, New
Jordan 1 Mid Reverse New Love (GS), 285, 90, 97, 200, 55, 06/15/2018, New
Jordan 7 Retro Pure Platinum (GS), 286, 140, 128, 253, 71, 06/03/2017, New
Jordan 13 Retro Low Pure Platinum, 281, 175, 173, 375, 70, 05/20/2017, New
Jordan Future Premium Black Infrared 23 (2018), 276, 185, 86, 249, 41, 07/28/2018, New
Jordan 4 Retro Levi's White (GS) (Levi's Tag), 246, 200, 313, 752, 216, 06/30/2018, New
Jordan 4 Retro Motorsports Alternate (GS), 266, 140, 74, 160, 40, 06/17/2017, New
Jordan 3 Retro Crimson, 267, 160, 174, 270, 100, 02/23/2013, New
Jordan Countdown Pack 11/12, 266, 310, 675, 850, 505, 12/20/2008, New
Jordan 1 Retro High Gatorade Orange Peel (GS), 260, 150, 71, 145, 30, 12/26/2017, New
Jordan 13 Retro Low Brave Blue, 260, 175, 163, 249, 102, 04/08/2017, New
Jordan 5 Retro Pre-Grape, 261, 190, 151, 250, 60, 05/02/2015, New
Jordan 11 Retro Low Green Snakeskin, 262, 150, 289, 425, 195, 04/19/2014, New
Jordan 12 Retro Gym Red 2018 (PS), 250, 80, 70, 119, 46, 11/24/2018, New
Jordan 5 Retro Low Chinese New Year, 245, 200, 265, 485, 181, 01/23/2016, New
Jordan Spiz'ike Olive Canvas, 250, 175, 104, 160, 55, 09/19/2018, New
Jordan 10 Retro Cool Grey, 242, 190, 164, 319, 85, 01/27/2018, New
Jordan 1 Mid Chicago (GS), 246, 90, 121, 235, 65, 03/20/2018, New
Jordan 13 Retro Flint (2010), 242, 160, 370, 550, 236, 11/26/2010, New
Jordan 7 Retro Hare 2015 (GS), 242, 140, 164, 240, 110, 05/16/2016, New
Jordan 5 Retro Bronze, 241, 190, 167, 270, 92, 09/24/2016, New
Jordan 14 Retro Indiglo (2016), 234, 190, 141, 230, 75, 08/13/2016, New
Jordan 2 Retro Decon Sail, 234, 160, 71, 169, 40, 07/15/2017, New
Jordan 1 Retro Low Bred (2015), 234, 130, 173, 300, 98, 02/14/2015, New
Jordan 14 Retro Thunder, 234, 170, 228, 330, 160, 07/04/2014, New
Jordan 4 Retro Cavs, 232, 160, 281, 410, 185, 05/12/2012, New
Jordan 6 Retro Wheat (GS), 228, 140, 79, 131, 46, 11/24/2017, New
Jordan 10 Retro Charlotte (2016), 225, 190, 138, 290, 80, 06/18/2016, New
Jordan 9 Retro Boot Military Brown, 218, 225, 241, 370, 115, 10/13/2018, New
Jordan XXXII Chinese New Year (2018), 213, 185, 194, 320, 120, 02/09/2018, New
Jordan 5 Retro Supreme White, 215, 198, 637, 1041, 350, 10/16/2015, New
Jordan 3 Retro 5Lab3 Black, 210, 225, 167, 230, 120, 05/17/2014, New
Jordan 11 Retro Low Cleat Concord, 207, 120, 107, 224, 55, 03/16/2018, New
Jordan 1 Retro Melo PE, 208, 130, 201, 300, 75, 12/20/2014, New
Jordan Trainer ST G White Obsidian, 208, 175, 241, 385, 130, 11/02/2018, New
Jordan 3 Retro Chlorophyll (GS), 205, 140, 65, 135, 45, 11/10/2018, New
Jordan 1 Retro Low Royal (2015), 203, 130, 139, 279, 66, 10/07/2015, New
Jordan 13 Retro Low Pure Platinum (GS), 201, 120, 112, 250, 35, 05/20/2017, New
Jordan 5 Retro White Cement (GS), 196, 140, 134, 180, 66, 08/05/2017, New
Jordan 1 Retro Rare Air Max Orange, 194, 140, 166, 326, 50, 01/07/2017, New
Jordan 1 Low Sneaker Politics, 194, 100, 293, 600, 172, 05/10/2019, New
Jordan 5 Retro Laney Varsity Royal (GS), 193, 150, 115, 219, 55, 02/02/2019, New
Jordan 1 Retro Blue Suede, 192, 140, 121, 200, 63, 04/01/2017, New
Jordan 1 Retro Black Toe (2013), 189, 140, 409, 682, 240, 05/25/2013, New
Jordan 2 Retro Alternate 87, 187, 190, 119, 250, 55, 02/06/2016, New
Jordan 11 Retro Low Citrus 2015 (GS), 190, 120, 211, 429, 108, 06/20/2015, New
Jordan 11 Retro Pinnacle Grey Suede, 184, 400, 526, 1000, 387, 12/23/2016, New
Jordan 12 Retro Black Rush Pink (GS), 185, 140, 109, 185, 45, 09/08/2018, New
Jordan 9 Retro Johnny Kilroy, 183, 160, 227, 475, 120, 10/06/2012, New
Jordan 1 Retro Top 3 (GS), 176, 120, 408, 588, 232, 11/28/2016, New
Jordan 3 Retro Joker, 176, 160, 215, 380, 150, 02/16/2013, New
Jordan 5 Retro Low Fire Red, 178, 175, 168, 270, 100, 03/12/2016, New
Jordan 1 Retro High Aleali May Shadow, 175, 160, 537, 796, 371, 10/28/2017, New
Jordan 1 Retro Deep Royal, 174, 150, 94, 200, 50, 12/01/2016, New
Jordan 1 Retro All Star 2017 (GS), 173, 140, 307, 572, 133, 02/19/2017, New
Jordan 6 Retro Low Ghost Green, 173, 175, 154, 229, 80, 09/19/2015, New
Jordan Golden Moments Pack (6/7), 169, 350, 401, 572, 250, 08/18/2012, New
Jordan 7 Retro Championship Pack, 166, 250, 209, 276, 100, 06/20/2015, New
Jordan 8 Retro Aqua 2015 (GS), 170, 130, 131, 200, 65, 11/27/2015, New
Jordan 5 Retro 3Lab5, 164, 225, 185, 284, 100, 09/21/2013, New
Jordan 3 Retro Quai54 GS (2018), 164, 140, 137, 250, 70, 07/07/2018, New
Jordan 9 Retro Low Pantone, 162, 170, 122, 197, 70, 06/11/2016, New
Jordan 10 Retro Chicago Flag, 158, 190, 147, 259, 65, 05/14/2016, New
Jordan 14 Retro Wolf Grey, 160, 170, 157, 216, 86, 08/02/2014, New
Jordan 1 Retro Pinnacle White, 155, 400, 400, 700, 180, 05/27/2015, New
Jordan 1 Retro High Vintage Coral, 154, 160, 140, 255, 70, 09/01/2018, New
Jordan 5 Retro Black Metallic (2007), 152, 135, 202, 300, 100, 01/20/2007, New
Jordan 13 Retro Doernbecher, 150, 225, 299, 425, 180, 11/21/2015, New
Jordan 13 Retro He Got Game 2018 (PS), 152, 80, 89, 130, 45, 08/04/2018, New
Jordan 1 Retro Low Black Grey (2015), 149, 130, 140, 260, 60, 12/30/2015, New
Jordan 3 Retro Black Cement 2018 (TD), 150, 60, 70, 120, 40, 02/17/2018, New
Jordan 1 Retro High Hot Punch (W), 147, 145, 128, 300, 90, 01/07/2019, New
Jordan Legacy 312 Lakers (GS), 147, 110, 97, 159, 71, 11/01/2018, New
Jordan 7 Retro Tinker Alternate (GS), 148, 140, 145, 249, 100, 08/06/2016, New
Jordan 1 Retro Low OG White Vachetta, 145, 140, 101, 250, 40, 04/01/2017, New
Jordan 3 Retro Cyber Monday 2016 (GS), 146, 190, 50, 90, 26, 10/15/2016, New
Jordan 13 Retro OG Chicago 2017 (GS), 146, 140, 140, 270, 70, 02/18/2017, New
Jordan 1 Retro High Camo 3M Wolf Grey (GS), 144, 110, 95, 160, 50, 08/01/2017, New
Jordan Legacy 312 Pistons, 144, 150, 106, 185, 50, 11/01/2018, New
Jordan 1 Retro High Double Strap Olive Canvas, 141, 140, 84, 140, 55, 10/01/2018, New
Jordan 1 Retro Black Gum, 141, 140, 137, 249, 60, 12/06/2014, New
Jordan 1 OG Celtics, 141, 140, 240, 390, 95, 04/06/2013, New
Jordan 13 Retro Low Hornets, 139, 160, 168, 295, 111, 04/18/2015, New
Jordan XXX1 Royal, 139, 185, 89, 199, 50, 04/01/2017, New
Jordan 13 Retro Dark Raisin (GS), 138, 190, 91, 180, 40, 12/26/2017, New
Jordan 17 Retro Trophy Room (No Shirt), 138, 275, 233, 400, 120, 10/28/2017, New
Jordan Beginning Moments Pack 1/1, 137, 200, 402, 650, 255, 04/21/2007, New
Jordan 6 Retro Maroon 2015 (GS), 137, 160, 190, 260, 130, 12/05/2015, New
Jordan 5 Retro Red Suede (GS), 133, 190, 130, 205, 60, 07/02/2017, New
Jordan 11 Retro Low Blue Moon (GS), 133, 130, 150, 250, 85, 05/27/2017, New
Jordan 8 Retro Aqua (2007), 132, 140, 233, 339, 135, 09/22/2007, New
Jordan 7 Retro Fuchsia Glow (GS), 130, 140, 123, 202, 70, 10/17/2015, New
Jordan 13 Retro Altitude 2017 (GS), 130, 140, 80, 134, 40, 12/21/2017, New
Jordan 4 Retro Levi's Denim (Blank Tag), 132, 225, 589, 947, 465, 01/17/2018, New
Jordan 1 Mid Infrared 23 (GS), 128, 90, 83, 125, 63, 12/13/2018, New
Jordan 11 Retro Gamma Blue (GS), 127, 130, 299, 550, 175, 12/21/2013, New
Jordan 3 Retro Black Cement 2018 (PS), 127, 80, 81, 140, 45, 02/17/2018, New
Jordan XXXII Low Michigan, 126, 160, 122, 224, 70, 03/09/2018, New
Jordan Converse Pack, 125, 300, 197, 322, 140, 06/28/2017, New
Jordan 7 Retro Cardinal (2011), 126, 150, 221, 350, 137, 06/18/2011, New
Jordan 23 Black Stealth, 125, 185, 203, 310, 147, 02/23/2008, New
Jordan 3 Retro Fear Pack, 123, 175, 301, 427, 120, 08/24/2013, New
Jordan 1 Retro High Flyknit Bred (GS), 123, 140, 82, 160, 49, 09/09/2017, New
Jordan 1 Retro Rare Air Cool Grey, 121, 140, 152, 399, 70, 01/17/2017, New
Jordan 1 Retro Ultra High Bred, 121, 150, 82, 145, 40, 11/30/2016, New
Jordan 20 Retro Stealth (2015), 118, 220, 154, 230, 102, 03/14/2015, New
Jordan 1 Retro LA, 117, 160, 183, 345, 99, 11/14/2015, New
Jordan 10 Retro Paris, 116, 190, 174, 306, 100, 04/09/2016, New
Jordan 1 OG Laney, 111, 140, 232, 387, 150, 11/16/2013, New
Jordan Apex React Bio Beige, 114, 190, 131, 244, 80, 04/01/2019, New
Jordan 7 Retro N7, 112, 190, 216, 400, 120, 06/03/2015, New
Jordan 1 Retro Black Perforated, 108, 160, 103, 189, 60, 02/04/2017, New
Jordan 1 Retro High Zip Particle Beige (W), 109, 150, 71, 150, 40, 04/13/2018, New
Jordan 88 Racer SoleFly Lottery, 108, 150, 222, 500, 100, 08/25/2018, New
Jordan XXXII Low Free Throw Line, 108, 160, 132, 200, 76, 02/14/2018, New
Jordan 1 Retro Un-Supreme, 106, 140, 125, 225, 80, 01/21/2016, New
Jordan 1 Retro High Off-White White (GS), 107, 150, 1444, 2527, 987, 03/03/2018, New
Jordan 1 Retro Blake Griffin PE, 104, 130, 156, 350, 75, 12/20/2014, New
Jordan 10 Retro Rio, 102, 190, 146, 225, 100, 05/07/2016, New
Jordan Why Not Zer0.1 Triple Double King, 102, 125, 65, 110, 46, 04/09/2018, New
Jordan 1 Retro High Season of Her Barley Grape (W), 102, 160, 135, 224, 60, 01/25/2018, New
Jordan 5 Retro Paris Saint-Germain White (F&F), 101, , 1883, 3500, 475, , New
Jordan 1 Retro KO Bred (2015), 101, 140, 123, 200, 66, 12/19/2015, New
Jordan 1 Retro High Rare Air Soar, 100, 140, 171, 340, 70, 01/17/2017, New
Jordan 11 Retro Silver Anniversary (2010), 99, 150, 320, 449, 200, 05/01/2010, New
Jordan 13 Retro Cherry (2010), 98, 160, 190, 250, 105, 01/01/2010, New
Jordan 13 Retro Squadron Blue, 96, 170, 164, 250, 80, 02/09/2013, New
Jordan 2 Retro White Varsity Red (2004), 96, , 202, 325, 100, , New
Jordan 1 Retro High SoleFly Art Basel Black, 95, , 3614, 5999, 2450, 12/08/2018, New
Jordan 1 Retro AJKO Blue Quilted, 94, 140, 56, 99, 30, 08/27/2016, New
Jordan 1 Retro KO Shadow (2015), 94, 140, 100, 200, 45, 02/06/2016, New
Jordan 16 Retro Solefly Art Basel, 93, 275, 297, 425, 210, 12/03/2016, New
Jordan 1 Retro High Pure Platinum Desert Sand, 93, 145, 122, 185, 71, 04/07/2018, New
Jordan 8 Retro Playoffs (2007), 92, 150, 194, 264, 110, 12/22/2007, New
Jordan 1 Retro High Double Strap Concord, 91, 140, 101, 190, 55, 10/01/2018, New
Jordan 10 Retro Stealth (2012), 89, 160, 168, 275, 100, 03/24/2012, New
Jordan Trunner LX Black Red (2017), 88, 140, 88, 150, 50, 05/03/2017, New
Jordan 1 Crib Bootie Bred, 89, 45, 52, 82, 25, , New
Jordan 1 Retro Black Patent, 91, 150, 122, 245, 56, 12/01/2016, New
Jordan XXX Black Cat, 87, 200, 142, 245, 50, 04/16/2016, New
Jordan 4 Retro Laser (GS), 88, , 127, 200, 78, , New
Jordan Flyknit Elevation 23 Black University Red, 86, 170, 74, 130, 50, 08/01/2018, New
Jordan 5 Retro Fear Pack, 85, 160, 323, 400, 245, 08/24/2013, New
Jordan XXX1 Black Cat, 85, 185, 95, 196, 55, 03/10/2017, New
Jordan 11 Retro Low Iridescent (PS), 86, 75, 82, 159, 40, 03/31/2018, New
Jordan 1 Retro High OG Essentials Black (GS), 85, 120, 75, 145, 41, 08/02/2017, New
Jordan 10 Retro Steel (2005), 84, 125, 223, 400, 150, 05/07/2005, New
Jordan 1 Retro Gym Red, 82, 140, 354, 725, 250, 06/28/2014, New
Jordan 1 Retro Low OG Black Vachetta, 86, 140, 69, 120, 35, 04/01/2017, New
Jordan Trainer ST G White Wolf Grey, 82, 175, 271, 510, 175, 06/04/2018, New
Jordan 12 Retro Wolf Grey Vivid Pink (GS), 81, 140, 95, 239, 55, 11/19/2016, New
Jordan 9 Retro Powder, 82, 150, 246, 398, 150, 05/29/2010, New
Jordan 1 Retro Red Elephant Print, 80, 140, 101, 175, 40, 01/21/2016, New
Jordan 1 Retro Family Forever, 80, 140, 142, 250, 81, 06/14/2014, New
Jordan 1 Retro Human Highlight, 81, 140, 162, 400, 65, 09/07/2013, New
Jordan Countdown Pack 10/13, 80, 310, 348, 549, 215, 01/19/2008, New
Jordan 1 Retro 4Lab1 Glow, 80, 185, 124, 290, 50, 12/31/2014, New
Jordan XX Flyknit R&B Melo Black, 78, 225, 216, 325, 113, 09/27/2018, New
Jordan 1 Retro High Season of Her Sun Blush (W), 80, 160, 74, 190, 35, 01/25/2018, New
Jordan ADG Black Cement, 77, 135, 157, 230, 100, 04/15/2019, New
Jordan Future Boot Black, 78, 225, 88, 175, 45, 10/06/2016, New
Jordan 16 Retro CEO, 75, 250, 297, 410, 236, 10/20/2017, New
Jordan 1 Retro High Black Silt Red (W), 75, 145, 114, 200, 80, 02/23/2019, New
Jordan 2 Retro Just Don Arctic Orange (GS), 73, 350, 226, 480, 140, 05/13/2017, New
Jordan Zoom Tenacity 88 True Blue, 73, 125, 129, 230, 50, 03/13/2018, New
Jordan 9 Retro OG 2016 (GS), 73, 140, 155, 245, 80, 12/03/2016, New
Jordan Black Cat Black Concord, 72, 160, 81, 160, 51, 12/01/2018, New
Jordan 1 Mid Black Olive Canvas, 71, 120, 96, 250, 70, 11/01/2018, New
Jordan XXX1 Shattered Backboard, 71, 185, 104, 200, 67, 10/08/2016, New
Jordan 1 Retro Bred (2001), 69, , 565, 900, 385, 08/25/2001, New
Jordan 12 Retro Flu Game (2009), 68, 150, 308, 500, 190, 11/27/2009, New
Jordan 9 Retro Motorboat Jones, 69, 160, 387, 600, 250, 12/01/2012, New
Jordan Spizike Black Gym Red, 68, 175, 97, 185, 60, 10/08/2018, New
Jordan 9 Retro Charcoal, 68, 150, 259, 350, 180, 09/04/2010, New
Jordan 11 Retro Cleat Bred, 68, 125, 131, 225, 56, 06/25/2018, New
Jordan 12 Retro Heiress Plum Fog (GS), 68, 160, 182, 261, 100, 09/10/2016, New
Jordan 12 Retro Barons (GS), 68, 140, 169, 285, 99, 08/13/2016, New
Jordan Flyknit Elevation 23 Black, 68, 170, 105, 160, 56, 04/01/2018, New
Jordan 1 Low Military Green, 66, 105, 125, 210, 90, 01/01/2019, New
Jordan XXXII Low Gordon St., 67, 160, 129, 220, 60, 05/07/2018, New
Jordan 5 Retro Grape 2013 (GS), 66, 115, 161, 245, 85, 05/04/2013, New
Jordan 1 Retro High Mica Green (W), 65, 145, 71, 185, 40, 03/17/2018, New
Jordan 7 Retro Hare CDP (2008), 65, 155, 220, 350, 120, 06/21/2008, New
Jordan 11 Retro Low Cool Grey (PS), 65, 75, 90, 150, 40, 04/28/2018, New
Jordan XXX1 All Star 2017, 64, 200, 136, 228, 66, 02/19/2017, New
Jordan 11 Retro Cleat Columbia, 65, 125, 141, 200, 56, 06/25/2018, New
Jordan 14 Retro Rip Hamilton (TD), 63, 60, 78, 100, 57, 04/06/2019, New
Jordan 6 Rings Black Varsity Red, 63, 165, 112, 165, 85, 01/04/2019, new
Jordan 89 Racer White Cement, 63, 100, 86, 195, 55, 01/01/2019, New
Jordan 1 Retro Rare Air Bred, 59, 140, 89, 160, 40, 09/01/2015, New
Jordan 5 Retro Laney Varsity Royal (TD), 61, 65, 60, 96, 30, 02/02/2019, New
Jordan Westbrook 0.3 Dazzle, 61, 100, 106, 150, 51, 11/21/2018, New
Jordan Dub Zero White/Concord-Black-White, 60, 160, 92, 169, 57, , New
Jordan 9 Retro Pearl Blue (TD), 60, 60, 65, 119, 35, 02/09/2019, New
Jordan XXX1 Low Chicago (Home), 60, 160, 98, 185, 55, 06/30/2017, New
Jordan 7 Retro Raptors (2002), 59, 125, 255, 420, 180, 12/14/2002, New
Jordan 5 Retro Metallic White 2015 (GS), 60, 160, 144, 244, 70, 04/04/2015, New
Jordan 1 Retro High Black Hyper Pink (GS), 58, 95, 80, 181, 52, 02/01/2017, New
Jordan Spiz'ike True Blue (2007), 59, 175, 143, 265, 94, 04/28/2007, New
Jordan 7 Retro Barcelona Nights (GS), 59, 140, 121, 165, 60, 03/07/2015, New
Jordan 5 Retro DMP Raging Bull Red Suede, 58, 155, 517, 674, 401, 05/30/2009, New
Jordan 13 Retro Wolf Grey Deadly Pink (GS), 58, 140, 114, 159, 72, 08/26/2017, New
Jordan 3 Retro Hall of Fame (Sneaker Politics Special Release), 57, 190, 246, 400, 200, 05/12/2018, New
Jordan 4 Retro Tour Yellow / Rare Air, 58, 125, 387, 549, 210, 05/20/2006, New
Jordan 6 Retro Purple Dynasty (GS), 57, 140, 136, 182, 75, 12/30/2016, New
Jordan 11 Retro Legend Blue (PS), 56, 85, 91, 150, 53, 12/20/2014, New
Jordan 1 Retro High Rust Pink, 55, 160, 2694, 4500, 1010, 11/01/2017, New
Jordan Spizike Black Cement, 55, 175, 122, 180, 70, 06/24/2017, New
Jordan 7 Retro Nothing But Net (GS), 56, 140, 208, 300, 130, 11/14/2015, New
https://stockx.com/jordan-10-retro-red-steel, 53, 125, 255, 325, 180, 09/17/2005, New
Jordan Countdown Pack 9/14, 54, 310, 354, 540, 285, 03/15/2008, New
Jordan 2 Retro Quai 54 (GS), 53, 150, 69, 140, 45, 07/23/2016, New
Jordan Flyknit Elevation 23 Game Royal, 53, 170, 63, 131, 40, 07/01/2018, New
Jordan 14 Retro Last Shot (2011), 54, 160, 171, 250, 70, 12/17/2011, New
Jordan Zoom Tenacity 88 Safari, 51, 125, 45, 85, 29, 05/01/2018, New
Jordan 6 Retro Grape (GS), 51, 145, 137, 208, 45, 06/07/2014, New
Jordan 1 Retro Mid UNC, 51, 160, 232, 350, 118, 02/04/2019, New
Jordan 7 Retro Golden Moments Pack (6/7), 50, 175, 227, 340, 165, 08/18/2012, New
Jordan Proto Max 720 Club Gold, 49, 200, 198, 310, 81, 04/20/2019, New
Jordan 1 Retro High Gold Medal (GS), 48, 95, 162, 220, 130, 08/01/2016, New
Jordan 5 Retro Satin Bred (PS), 48, 80, 64, 100, 30, 11/03/2018, New
Jordan 1 Rebel XX Utility Pack (W), 47, 145, 91, 180, 43, 11/01/2018, New
Jordan 1 Mid Pure White, 47, 120, 132, 249, 90, 11/10/2018, New
Jordan XXXII CEO, 44, 185, 129, 250, 83, 10/20/2017, New
Jordan 4 Retro Classic Green, 44, 100, 393, 950, 228, 07/24/2004, New
Jordan 17 OG Wizards Home, 44, 200, 380, 524, 240, 02/09/2002, New
Jordan 12 Retro International Flight (PS), 42, 85, 65, 95, 25, 09/08/2018, New
Jordan 8 Retro Tinker Air Raid (TD), 42, 60, 48, 79, 35, 12/22/2018, New
Jordan 14 Retro White Forest Green, 42, 150, 275, 450, 175, 10/22/2005, New
